OriginId,Latitude_mean,Longitude_mean,Name
10001183,54.5731885,-5.991521,"Andersonstown, Céide Shliabh gCallan"
10001183,54.5731885,-5.991521,"Andersonstown, Slievegallion Drive"
10001168,54.575896,-5.9819365,"Andersonstown, Páirc Chnoc na dToradh"
10001168,54.575896,-5.9819365,"Andersonstown, Fruithill Park"
10001190,54.578294,-5.9796905,"Andersonstown, Beech Hall"
10001190,54.578294,-5.9796905,"Andersonstown, Ionad Choill an Iarthair"
10001190,54.578294,-5.9796905,"Andersonstown, Westwood Centre"
10003941,54.599785,-5.938326999999999,"Belfast, Belfast Metropolitan College Millfield"
10003941,54.599785,-5.938326999999999,"Belfast, Millfield"
10012517,54.596833,-5.954194,"Falls, Clonard"
10006211,54.5920405,-5.962327,"Falls, Ard na bhFeá"
10006211,54.5920405,-5.962327,"Falls, Beechmount"
10001173,54.5685645,-5.992847,"Andersonstown, Ladybrook Shops"
10001173,54.5685645,-5.992847,"Andersonstown, Síopaí Shruthán na Bantiarna"
10003953,54.59925,-5.93409,"Belfast, Castle Street"
10001184,54.5718215,-5.994682,"Andersonstown, St Michaels"
10001184,54.5718215,-5.994682,"Andersonstown, Naomh Micheál"
10001189,54.569646,-5.992755000000001,"Andersonstown, Finaghy Road North"
10001189,54.569646,-5.992755000000001,"Andersonstown, Trench Park"
10007812,54.565553,-6.0000860000000005,"Ladybrook, Ladybrook Terminus"
10007812,54.565553,-6.0000860000000005,"Ladybrook, Sruthán na Bantiarna (Caschiorcal)"
10007812,54.565553,-6.0000860000000005,"Ladybrook, Turning Circle"
10001166,54.569436,-5.99258,"Andersonstown, Bóthar an Fhionnachaidh Thuaidh"
10001166,54.569436,-5.99258,"Andersonstown, Finaghy Road North"
10004008,54.598713,-5.933157,"Belfast, Queen Street"
10004008,54.598713,-5.933157,"Belfast, QS Queen Street"
10007807,54.56672950000001,-5.997345,"Ladybrook, Ladybrook Avenue"
10007807,54.56672950000001,-5.997345,"Ladybrook, Ascaill Shruthán na Bantiarna"
10007808,54.565989,-6.00042,"Ladybrook, Ladybrook Cross"
10007808,54.565989,-6.00042,"Ladybrook, Crosaire Shrúthan na Bantiarna"
10009067,54.584684,-5.977270000000001,"Milltown (Belfast), Páirc ba bhFál"
10009067,54.584684,-5.977270000000001,"Milltown (Belfast), Falls Park"
10006216,54.59306966666667,-5.957735666666667,"Falls, Otharlann na bPáistí"
10006216,54.59306966666667,-5.957735666666667,"Falls, Children's Hospital"
10006216,54.59306966666667,-5.957735666666667,"Falls, Royal Hospital Children's Hospital"
10006218,54.598181,-5.952083,"Falls, Clonard"
10006218,54.598181,-5.952083,"Falls, Conway Street"
10006220,54.6002555,-5.942475,"Falls, Divis Tower"
10006228,54.5808895,-5.980096,"Falls, Lake Glen"
10006228,54.5808895,-5.980096,"Falls, Kennedy Centre"
10006228,54.5808895,-5.980096,"Falls, Ionad Uí Chinnéide"
10006256,54.599337000000006,-5.947374,"Falls, Twin Spires"
10001178,54.574157,-5.98623,"Andersonstown, Páirc Abhainn Bheara"
10001178,54.574157,-5.98623,"Andersonstown, Owenvarragh Park"
10006212,54.590663,-5.9675415,"Falls, Páirc Radharc na bhFeá"
10006212,54.590663,-5.9675415,"Falls, Beechview Park"
10006241,54.594844,-5.9561745,"Falls, Royal Hospitals (Falls Road)"
10006214,54.594396,-5.9568080000000005,"Falls, Bostock House"
10009110,54.586877,-5.971676,"Milltown (Belfast), Naomh Louise"
10009110,54.586877,-5.971676,"Milltown (Belfast), City Cemetery"
10009110,54.586877,-5.971676,"Milltown (Belfast), St Louises"
10001172,54.575494500000005,-6.004619,"Andersonstown, Hillhead Cottages"
10011595,54.5762195,-6.0175160000000005,"Suffolk, Naomh Oilibhear Phluincéad"
10011595,54.5762195,-6.0175160000000005,"Suffolk, St Oliver Plunkett"
10001186,54.573954,-6.000835,"Andersonstown, Shaws Road [Stewartstown Road]"
10011589,54.576626000000005,-6.0096995,"Suffolk, Lenadoon Avenue"
10011589,54.576626000000005,-6.0096995,"Suffolk, Ascaill Léana an Dúin"
10011586,54.576529,-6.013408999999999,"Suffolk, Shaws Road Junction"
10007805,54.572927,-5.996074,"Andersonstown, Shaws Road"
10007805,54.572927,-5.996074,"Andersonstown, Errigal Park"
10011594,54.576447,-6.014419,"Suffolk, Shaws Road Junction"
10011594,54.576447,-6.014419,"Suffolk, Gabhal Bhóthar Seoighe"
10007008,54.576121,-6.01947,"Hannahstown, Glencolin"
10007008,54.576121,-6.01947,"Hannahstown, Gleann Chollann"
10003867,54.5767645,-6.0228345,"Hannahstown, Glen Road Industrial Estate"
10003693,54.578113,-6.026683,"Hannahstown, Hawthorn Glen"
10003861,54.580077,-6.0286610000000005,"Hannahstown, Hannahstown Hill"
10001180,54.574448,-6.002729,"Andersonstown, Páirc Ros Goill"
10001180,54.574448,-6.002729,"Andersonstown, Rosgoill Park"
10001182,54.575033,-6.0038290000000005,"Andersonstown, Shaw's Road"
10007809,54.573201,-5.997933,"Andersonstown, Shaws Road"
10007809,54.573201,-5.997933,"Andersonstown, Bóthar Seoighe"
10007012,54.5749405,-6.024230000000001,"Hannahstown, Suffolk Heights"
10007012,54.5749405,-6.024230000000001,"Hannahstown, Arda Suffolk"
10011585,54.57104150000001,-6.016638500000001,"Suffolk, Falcarragh"
10011585,54.57104150000001,-6.016638500000001,"Suffolk, An Fál Carrach"
10011599,54.5681905,-6.0134825,"Suffolk, Woodbourne (Suffolk Road)"
10012604,54.55226999999999,-6.030189,"Lagmore, Lagmore Grove"
10007840,54.5511525,-6.0319585,"Lagmore, Lagmore Meadows"
10007840,54.5511525,-6.0319585,"Lagmore, Cluainte an Laig Mhóir"
10007835,54.5540145,-6.032493499999999,"Lagmore, Glenferna"
10007835,54.5540145,-6.032493499999999,"Lagmore, An Gleann Fearna"
10007834,54.5538545,-6.0397985,"Lagmore, Páirc Ghleann Domhain"
10007834,54.5538545,-6.0397985,"Lagmore, Glendowan Park"
10001165,54.5807765,-5.995217,"Andersonstown, Coolnasilla"
10001165,54.5807765,-5.995217,"Andersonstown, Cúil na Sáileach"
10012608,54.563303000000005,-6.026733999999999,"Poleglass, Laurelbank"
10010220,54.560432500000005,-6.030089,"Poleglass, Coill an Ghleanna"
10010220,54.560432500000005,-6.030089,"Poleglass, Glenwood"
10010214,54.5590225,-6.031518,"Poleglass, Brian's Well Road"
10010230,54.5563535,-6.0298755,"Poleglass, Cois Coille"
10010230,54.5563535,-6.0298755,"Poleglass, Woodside"
10012113,54.563132,-6.021205999999999,"Twinbrook, Old Colin"
10012113,54.563132,-6.021205999999999,"Twinbrook, SeanChollann"
10011583,54.564013,-6.019555,"Suffolk, Michael Ferguson Roundabout"
10011583,54.564013,-6.019555,"Suffolk, Timpeallán Ghleann Gabhláin"
10011583,54.564013,-6.019555,"Suffolk, Brooklands Health Care"
10011588,54.5653785,-6.015707000000001,"Suffolk, Coill Héilin"
10011588,54.5653785,-6.015707000000001,"Suffolk, Glengoland"
10011588,54.5653785,-6.015707000000001,"Suffolk, Helen's Wood"
10007839,54.5491925,-6.0318755,"Lagmore, Céide an Laig Mhóir"
10007839,54.5491925,-6.0318755,"Lagmore, Lagmore Drive"
10007838,54.5483375,-6.0293345,"Lagmore, Lagmore Dale"
10007838,54.5483375,-6.0293345,"Lagmore, Gleanntán an Laig Mhóir"
10001171,54.578974,-6.003575,"Andersonstown, Garrán Uí Ádhmaill"
10001171,54.578974,-6.003575,"Andersonstown, Hamill Park"
10009073,54.58374,-5.981015,"Milltown (Belfast), Paráid an Ghleanna"
10001188,54.58088299999999,-5.992992,"Andersonstown, Saint Teresa's"
10001188,54.58088299999999,-5.992992,"Andersonstown, Naomh Treasa"
10001164,54.5800485,-5.9990355,"Andersonstown, CBS"
10001164,54.5800485,-5.9990355,"Andersonstown, Scoil na mBráithre Críostaí"
10001179,54.57909,-6.002997,"Andersonstown, Ráth Muáin"
10001179,54.57909,-6.002997,"Andersonstown, Ramoan"
10007011,54.575939000000005,-6.0226500000000005,"Hannahstown, Cnoc Bhaile Haine"
10007011,54.575939000000005,-6.0226500000000005,"Hannahstown, Hannahstown Hill"
10007013,54.57587,-6.023636,"Hannahstown, Suffolk Road Junction"
10007007,54.573758,-6.021711499999999,"Hannahstown, Donegal Celtic"
10007007,54.573758,-6.021711499999999,"Hannahstown, Ceiltigh Dhún na nGall"
10011591,54.57307,-6.020043,"Suffolk, Seanbhóthar Suffolk"
10011591,54.57307,-6.020043,"Suffolk, Old Suffolk Road"
10000137,54.563256,-6.026612,"Poleglass, Pantridge Road"
10010222,54.563317000000005,-6.020980000000001,"Poleglass, Old Colin"
10010222,54.563317000000005,-6.020980000000001,"Poleglass, SeanChollann"
10011593,54.569695,-6.014778,"Suffolk, Eachlann Chois Abhann"
10011593,54.569695,-6.014778,"Suffolk, Riverside Mews"
10012120,54.55490633333333,-6.026540999999999,"Twinbrook, Bóthar Chill Uaighe"
10012120,54.55490633333333,-6.026540999999999,"Twinbrook, Twinbrook Road"
10007836,54.5509545,-6.027801500000001,"Lagmore, Lagmore Avenue"
10007836,54.5509545,-6.027801500000001,"Lagmore, Ascaill an Laig Mhóir"
10007841,54.555135,-6.042806,"Lagmore, Taiscumar an Laig Mhóir"
10007841,54.555135,-6.042806,"Lagmore, Lagmore Reservoir"
10007844,54.5547095,-6.0417985,"Lagmore, Ascaill Theilinn"
10007844,54.5547095,-6.0417985,"Lagmore, Teeling Avenue"
10012118,54.546939,-6.023489,"Twinbrook, Eastát Chnoc an tSamhraidh"
10012118,54.546939,-6.023489,"Twinbrook, Summerhill Estate"
10012115,54.549803,-6.02332,"Twinbrook, St Marks School"
10001169,54.583559,-5.982029,"Andersonstown, Paráid an Ghleanna"
10006775,54.583014,-5.98495,"Gransha (Belfast), An Ghráinseach"
10006775,54.583014,-5.98495,"Gransha (Belfast), Gransha"
10006774,54.582154,-5.987762,"Gransha (Belfast), Gleann Eoghain"
10006774,54.582154,-5.987762,"Gransha (Belfast), Glenowen"
10001181,54.5783,-6.006315000000001,"Andersonstown, Ros na Ríona"
10001181,54.5783,-6.006315000000001,"Andersonstown, Rosnareen"
10001185,54.580801,-5.990721,"Andersonstown, Bóthar an Ghleanna (Naomh Treasa)"
10006776,54.58294,-5.98534,"Gransha (Belfast), Síopaí na Gráinsí"
10010228,54.5571135,-6.026337,"Poleglass, Bell Steel Road [Stewartstown Road]"
10007842,54.556689000000006,-6.041418,"Lagmore, Radharc an Laig Mhóir"
10007842,54.556689000000006,-6.041418,"Lagmore, Lagmore View"
10007842,54.556689000000006,-6.041418,"Lagmore, LGM Lagmore View"
10012498,54.577293,-6.010093,"Suffolk, Shaws Road"
10012497,54.57753100000001,-6.009261,"Suffolk, Glen Road Heights"
10009340,54.553722,-6.047126,"Mount Eagles, Lagmore Village"
10009340,54.553722,-6.047126,"Mount Eagles, Cearnóg an tSráidbhaile"
10009340,54.553722,-6.047126,"Mount Eagles, MTE Lagmore Village"
10012107,54.552573,-6.021809999999999,"Twinbrook, Ionad Gníomhaíochta an tSrutháin"
10012107,54.552573,-6.021809999999999,"Twinbrook, Brook Centre"
10011587,54.562488,-6.017572,"Suffolk, Gleann Gabhláin"
10011587,54.562488,-6.017572,"Suffolk, Glengoland"
10006046,54.55680149999999,-6.0105575,"Twinbrook, Upper Dunmurry Lane"
10000206,54.5542475,-6.0137350000000005,"Twinbrook, Cherry Road"
10012109,54.553667,-6.0169635,"Twinbrook, Páirc na Silíní"
10012109,54.553667,-6.0169635,"Twinbrook, Cherry Park"
10012106,54.554951,-6.0191125,"Twinbrook, Aspen Walk"
10012106,54.554951,-6.0191125,"Twinbrook, Siúlán an Chrainn Chreathaigh"
10007810,54.5722665,-6.000662,"Andersonstown, Naomh Genevieve"
10007810,54.5722665,-6.000662,"Andersonstown, St Genevieve's"
10006048,54.5578625,-6.012237000000001,"Dunmurry, Credenhill"
10006048,54.5578625,-6.012237000000001,"Dunmurry, Lána Dhún Muirígh Uachtarach"
10006047,54.560322,-6.01562,"Dunmurry, Corrina Park"
10006047,54.560322,-6.01562,"Dunmurry, Páirc Corrina"
10012114,54.5549685,-6.021833,"Twinbrook, Naomh Lúcas"
10012114,54.5549685,-6.021833,"Twinbrook, St Lukes"
10012611,54.562223,-6.017291,"Suffolk, Cloona"
10011597,54.569246,-6.007701,"Suffolk, Lenadoon Avenue (Andersonstown Road)"
10011596,54.567021,-6.012294,"Suffolk, Sruthán na Coille"
10011596,54.567021,-6.012294,"Suffolk, Woodbourne (Andersonstown Road)"
10007811,54.569845,-6.006959999999999,"Suffolk, Lenadoon Avenue (Andersonstown Road)"
10012606,54.567073,-6.012184,"Suffolk, Suffolk Road"
10012601,54.567801,-6.010524,"Suffolk, Woodbourne (Andersonstown Road)"
10011581,54.5643765,-6.0058655000000005,"Suffolk, Blacks Court"
10011581,54.5643765,-6.0058655000000005,"Suffolk, Cúirt Mhic Giolla Dhuibh"
10006054,54.560085,-5.997725,"Dunmurry, Oakhurst"
10006054,54.560085,-5.997725,"Dunmurry, Black's Road St Anne's"
10006043,54.56044,-5.998512,"Dunmurry, Balmoral Hotel"
10006043,54.56044,-5.998512,"Dunmurry, Óstán Balmoral"
10011598,54.56507,-6.008399,"Suffolk, Trenchard"
10007803,54.5641095,-6.0041235,"Ladybrook, Bothar Mhic Giolla Dhuibh (Oakhurst)"
10007803,54.5641095,-6.0041235,"Ladybrook, Brooke Drive"
10011592,54.566072,-6.010345,"Suffolk, Ringford Park"
10007804,54.562884,-6.001237000000001,"Ladybrook, Bothar Mhic Giolla Dhuibh (Ostan Balmoral)"
10007804,54.562884,-6.001237000000001,"Ladybrook, Brooke Park"
10007802,54.560804000000005,-5.998787999999999,"Ladybrook, Balmoral Hotel"
10007802,54.560804000000005,-5.998787999999999,"Ladybrook, Óstán Balmoral"
10012586,54.562884,-6.001222,"Ladybrook, Garnock Hill"
10006269,54.556796,-5.994484,"Finaghy, PRBR Black's Road Park & Ride"
10006269,54.556796,-5.994484,"Finaghy, Black's Road Park and Ride"
10011582,54.565776,-6.009803,"Suffolk, Erris Grove"
10011582,54.565776,-6.009803,"Suffolk, Brooke Drive"
10002340,54.590737,-5.977032,"Ballymurphy, St Maria Goretti Nursery Sch"
10001175,54.583903,-5.991389,"Andersonstown, Opp Aitnamona Crescent"
10012101,54.58986899999999,-5.992906,"Turf Lodge, Turf Lodge Shops"
10002342,54.591103,-5.980093,"Ballymurphy, Whiterock B.I.F.H.E"
10002334,54.5916,-5.981895,"Ballymurphy, Ballymurphy Road"
10012387,54.593422,-5.986092,"Whiterock, Whiterock Library"
10002344,54.591156000000005,-5.980601,"Ballymurphy, Whiterock Road B.I.H.F.E"
10002335,54.590434,-5.974772,"Ballymurphy, Brittons Parade"
10012102,54.592942,-5.990155000000001,"Turf Lodge, Mount Alverno Garage"
10001170,54.582181000000006,-5.9896785,"Andersonstown, Glen Road"
10012099,54.592686,-5.990461,"Turf Lodge, Mount Alverno Garage"
10012097,54.591759,-5.982289,"Ballymurphy, Ballymurphy Road"
10012103,54.591891,-5.991259,"Turf Lodge, Whiterock Business Park"
10012104,54.58971700000001,-5.99296,"Turf Lodge, Turf Lodge Shops"
10012098,54.586597,-5.991782,"Turf Lodge, Monagh Road"
10001160,54.583871,-5.991592,"Andersonstown, Aitnamona Crescent"
10012100,54.586515000000006,-5.991724,"Turf Lodge, Monagh Road"
10012386,54.593863,-5.987215,"Whiterock, St Aidans"
10012105,54.592889,-5.984818,"Whiterock, Whiterock Leisure Centre"
10012612,54.559023,-6.023848,"Poleglass, Colin Terminus"
10012602,54.562902,-6.020351,"Suffolk, Upper Dunmurry Lane"
10012111,54.56174300000001,-6.021428,"Twinbrook, Colin Connect"
10006213,54.598928,-5.9595915,"Falls, Blackstaff Bar"
10011240,54.601561,-5.968693,"Springfield (Belfast), Springvale Campus"
10006233,54.597795,-5.958480000000001,"Falls, Iris Street"
10006231,54.595131,-5.950302,"Falls, Gibson Street"
10012384,54.595588,-5.985519999999999,"Whiterock, New Barnsley Drive"
10006246,54.595487,-5.953256,"Falls, Royal Hospitals"
10006255,54.59725600000001,-5.957965,"Falls, Iris Street"
10011241,54.60014399999999,-5.970451000000001,"Springfield (Belfast), Springvale Parade"
10006238,54.595367,-5.944625,"Falls, Recreation Centre"
10006239,54.595277,-5.94723,"Falls, Roden Street"
10006248,54.599924,-5.960556,"Falls, Millennium Way"
10011230,54.60164,-5.9631940000000005,"Springfield (Belfast), Elswick Street"
10011236,54.602229,-5.965131,"Springfield (Belfast), Pollard Street"
10011237,54.600889,-5.969315,"Springfield (Belfast), Springdale Gardens"
10011243,54.599459,-5.97194,"Springfield (Belfast), Springfield Roundabout"
10011244,54.602384,-5.965789,"Springfield (Belfast), Workman Avenue"
10006229,54.601462,-5.962785,"Falls, Lanark Way"
10006247,54.599814,-5.960453,"Falls, Millennium Way"
10006240,54.59559399999999,-5.953776,"Falls, Royal Victoria Hospital"
10006240,54.59559399999999,-5.953776,"Falls, Royal Hospital Grosvenor Road"
10006234,54.59525,-5.947804,"Falls, Roden Street"
10006219,54.595312,-5.94616,"Falls, Cullingtree Road"
10003982,54.595748,-5.936388,"Belfast, Great Victoria Street"
10002337,54.597593,-5.976429,"Ballymurphy, Springmartin Road"
10002338,54.597598,-5.979941999999999,"Ballymurphy, Springfield Park"
10012382,54.59683199999999,-5.983586,"Whiterock, Divismore Park"
10012381,54.594804,-5.987029,"Whiterock, Divismore Crescent"
10012385,54.594735,-5.987188,"Whiterock, New Barnsley Parade"
10012383,54.596586,-5.983954,"Whiterock, Divismore Park "
10002339,54.597607,-5.979988,"Ballymurphy, Springfield Park"
10002343,54.5983,-5.9746760000000005,"Ballymurphy, Dunboyne Park"
10011231,54.59952,-5.971813,"Springfield (Belfast), Farset Int."
10002336,54.598421,-5.97436,"Ballymurphy, Dunboyne Park"
10003940,54.596688,-5.93829,"Belfast, Durham Street"
10006245,54.595148,-5.949728,"Falls, Servia Street"
10001454,54.618425,-5.960922999999999,"Ardoyne, Etna Drive"
10001449,54.617987,-5.9631905,"Ardoyne, Berwick Road"
10012476,54.608472500000005,-5.973272,"Ballygomartin, West Circular Road"
10011255,54.605498,-5.974357,"Springmartin, West Circular Crescent"
10012465,54.607002,-5.9737405,"Ballygomartin, Ballygomartin Baptist Church"
10012467,54.6097785,-5.9672855,"Woodvale, Woodvale Park"
10012473,54.611717,-5.9673745,"Woodvale, Woodvale Parade"
10012474,54.613082000000006,-5.965433,"Woodvale, Woodvale Drive"
10010007,54.62266700000001,-5.95138,"Oldpark, Golf Course"
10010016,54.62483100000001,-5.948607,"Oldpark, Oldpark Terminus"
10010014,54.621519500000005,-5.950191,"Oldpark, Knutsford Drive"
10010004,54.622701,-5.9512540000000005,"Oldpark, Cliftonville Golf Club"
10010019,54.62082433333333,-5.955065333333334,"Oldpark, Oldpark Road"
10010005,54.619269,-5.957714,"Oldpark, Jamaica Street"
10001447,54.617455500000005,-5.966082,"Ardoyne, Alliance Avenue"
10001448,54.614401,-5.965870000000001,"Ardoyne, Ardoyne Shops"
10002341,54.599368000000005,-5.9734620000000005,"Ballymurphy, Springfield"
10011251,54.601178,-5.9742465,"Springmartin, High Side"
10011256,54.603971,-5.974642,"Springmartin, High Gate"
10001451,54.615689,-5.966596,"Ardoyne, Cranbrook Court"
10010011,54.61906,-5.958065,"Oldpark, Jamaica Street"
10001453,54.615399,-5.966409,"Ardoyne, Cranbrook Court"
10012466,54.607795,-5.973353,"Woodvale, Ballygomartin Pres Lecture Hall"
10011257,54.60426700000001,-5.974642,"Springmartin, High Gate"
10011249,54.602487,-5.974576,"Springmartin, Springfield Parade"
10010003,54.6218155,-5.9557590000000005,"Oldpark, Cliftonville Circus"
10010006,54.622869,-5.959066999999999,"Oldpark, Dunkeld Gardens"
10010006,54.622869,-5.959066999999999,"Oldpark, Belfast Model School for Girls"
10002510,54.62651,-5.965567999999999,"Ballysillan, Oldpark Shops"
10002502,54.630483,-5.9615975,"Ballysillan, Belfast Boys' Model School"
10001452,54.623882,-5.9616025,"Oldpark, Deerpark Road"
10001456,54.625393,-5.963773000000001,"Ardoyne, Joanmount Park"
10002505,54.6281595,-5.965059500000001,"Ballysillan, Formby Park"
10002499,54.62973100000001,-5.963122,"Ballysillan, Ballysillan Road"
10012112,54.552942,-6.027342,"Lagmore, Lagmore grove"
10011881,54.59187,-5.948508,"The Village, Europa Busway"
10000566,54.5950995,-5.936281,"Belfast, Europa Buscentre"
10000566,54.5950995,-5.936281,"Belfast, EBC Europa Buscentre"
10000566,54.5950995,-5.936281,"Belfast, Europa Buscentre (Glengall St)"
10000566,54.5950995,-5.936281,"Belfast, Europa Stand One"
10000566,54.5950995,-5.936281,"Belfast, Stand"
10000566,54.5950995,-5.936281,"Belfast, Europa Bus Station"
10006052,54.559315000000005,-5.997330000000001,"Dunmurry, Oakhurst"
10011054,54.60783,-5.963079,"Shankill, Woodvale Park"
10001455,54.6159095,-5.968171999999999,"Ardoyne, Everton Complex"
10001459,54.6165915,-5.9692065,"Ardoyne, Somerdale Park"
10001457,54.617574,-5.970714,"Ardoyne, Mercy Primary School"
10011052,54.604384,-5.9546205,"Shankill, Tennent Street"
10011042,54.604303,-5.9522015,"Shankill, Berlin Street"
10011044,54.604124000000006,-5.9490525000000005,"Shankill, Spier's Place"
10004007,54.6032145,-5.937047,"Belfast, Peter's Hill"
10001446,54.61833000000001,-5.971869,"Ardoyne, Abbeydale Park"
10012477,54.611812,-5.963421500000001,"Woodvale, Woodvale Parade"
10011049,54.6105525,-5.963322,"Shankill, Mount Eden Court"
10004004,54.60247699999999,-5.9330755,"Belfast, North Street"
10012777,54.60389599999999,-5.9462465,"Shankill, Agnes Street"
10002517,54.619152,-5.97316,"Ballysillan, Wheatfield Gardens"
10002506,54.622525,-5.976592999999999,"Ballysillan, Glenbank Corner"
10002511,54.631508,-5.970438,"Ballysillan, Silverstream (Ballysillan Park)"
10002511,54.631508,-5.970438,"Ballysillan, BSN Silverstream Ballysillan Park"
10002504,54.630241000000005,-5.968828,"Ballysillan, Clareglen"
10002503,54.628109,-5.966038,"Ballysillan, Churchview"
10011055,54.609233,-5.9631870000000005,"Shankill, Woodvale Road Youth Club"
10006224,54.6045605,-5.956554000000001,"Falls, Glenwood Street"
10002512,54.6255905,-5.968332500000001,"Ballysillan, Silverstream Gardens"
10002500,54.623522,-5.972818,"Ballysillan, Bilston Road"
10002515,54.624361,-5.974589,"Ballysillan, Tedburn Park"
10012475,54.613032,-5.964112,"Woodvale, Twaddell"
10011048,54.605606,-5.959381499999999,"Shankill, Mayo Street"
10011053,54.606913,-5.962002,"Shankill, Woodvale Avenue"
10012478,54.612632,-5.9637910000000005,"Woodvale, Woodvale Road"
10003939,54.59738,-5.928272,"Belfast, Chichester Street"
10003939,54.59738,-5.928272,"Belfast, CHS Chichester Street"
10012631,54.60166866666666,-5.930293666666667,"Belfast, North Street"
10002509,54.62402900000001,-5.975674,"Ballysillan, Leggagh Court"
10012762,54.629714,-5.9738430000000005,"Ballysillan, Upper Crumlin Road"
10011246,54.605652500000005,-5.9784905,"Springmartin, Ballymagarry Lane"
10011248,54.60434599999999,-5.979902,"Springmartin, Highcliff Gardens"
10012472,54.607704000000005,-5.974843,"Ballygomartin, Lyndhurst Gardens"
10000209,54.608788,-5.965051,"Ballygomartin, Woodvale Park"
10011247,54.601428000000006,-5.981687,"Springmartin, Springmartin Road"
10011252,54.6028715,-5.9817555,"Springmartin, Springhill Primary School"
10011253,54.60051,-5.98051,"Springmartin, Springmartin"
10011245,54.606897,-5.976602,"Ballygomartin, Ballygomartin Road"
10011254,54.601611,-5.981879,"Springmartin, Springmartin Road"
10011254,54.601611,-5.981879,"Springmartin, SPG Springmartin Road"
10012463,54.6103395,-5.9728545,"Woodvale, Glencairn Road"
10012468,54.6120475,-5.9747825,"Glencairn, Forthriver Pass"
10012469,54.61317749999999,-5.9765145,"Glencairn, Forthriver Scout Hall"
10002000,54.618757,-5.9820915,"Glencairn, Glencairn Mission Hall"
10008082,54.621334,-5.984945,"Glencairn, GLC Glencairn Bay"
10008082,54.621334,-5.984945,"Glencairn, Forthriver Park"
10008082,54.621334,-5.984945,"Glencairn, Glencairn"
10001997,54.61996800000001,-5.983325,"Glencairn, Forthriver Dale"
10003950,54.607218,-5.936024,"Cliftonville, Carlisle Circus Clifton Street"
10003961,54.605943,-5.933697,"Belfast, Clifton House"
10012461,54.6130995,-5.962769,"Ardoyne, Kerrera Street"
10011041,54.609032,-5.944099,"Oldpark, Agnes Street"
10004125,54.60819049999999,-5.9397985,"Cliftonville, Crumlin Road Gaol"
10004125,54.60819049999999,-5.9397985,"Cliftonville, Mater Hospital"
10002514,54.623921,-5.97729,"Ballysillan, Springvale Gardens"
10008087,54.624228,-5.9797915,"Ligoniel, Ligoniel Park"
10008091,54.62850600000001,-5.983847,"Ligoniel, Mountainhill Road"
10008083,54.625221,-5.982476,"Ligoniel, Limehill Street"
10011045,54.611572,-5.956892,"Shankill, Flax Street"
10008085,54.626725,-5.984849,"Ligoniel, Ligoniel Church"
10003955,54.602751,-5.9309715,"Belfast, Central Library"
10008090,54.624988,-5.982023000000001,"Ligoniel, Mill valley Road"
10008086,54.625913,-5.983557,"Ligoniel, Ligoniel Community Centre"
10008092,54.628171,-5.98532,"Ligoniel, Mountainhill Walk"
10008093,54.628653,-5.982988,"Ligoniel, Old Mill Road"
10008084,54.6279,-5.979865,"Ligoniel, Mountainhill Road"
10008095,54.62741749999999,-5.985961,"Ligoniel, Wolfhill Centre"
10002513,54.623934,-5.97811,"Ballysillan, Springvale Gardens"
10010001,54.609862,-5.9482610000000005,"Oldpark, Century Street"
10010010,54.610040000000005,-5.949227,"Oldpark, Albertville Drive"
10011050,54.610374,-5.9508980000000005,"Shankill, St Marys"
10011051,54.610885,-5.9534735,"Shankill, Tennent Street"
10012491,54.610413,-5.951082,"Shankill, McCandless Street"
10008094,54.631487,-5.989632,"Ligoniel, Wolfhill"
10008094,54.631487,-5.989632,"Ligoniel, LGL Wolfhill"
10004123,54.615612,-5.942358499999999,"Cliftonville, Manor Street"
10012548,54.6083095,-5.936503,"Cliftonville, Carlisle Circus Antrim Road"
10000057,54.59724,-5.931142,"Belfast, Donegall Square North"
10000057,54.59724,-5.931142,"Belfast, DSN"
10004121,54.608966,-5.936276,"Cliftonville, Lincoln Avenue"
10004105,54.614011,-5.9375230000000006,"Cliftonville, Belfast Royal Academy"
10004114,54.618396,-5.94859,"Cliftonville, Elimgrove Street"
10004127,54.613116000000005,-5.9361440000000005,"Cliftonville, New Lodge Road"
10004110,54.610614,-5.935944999999999,"Cliftonville, Dawson Street"
10004119,54.61145,-5.935949,"Cliftonville, Kane Cottage"
10004126,54.613025,-5.936102,"Cliftonville, New Lodge Road"
10010013,54.620426,-5.952793,"Oldpark, Kingsmere Avenue"
10010012,54.620073,-5.952068,"Oldpark, Kelvin Parade"
10004106,54.618843000000005,-5.949512,"Cliftonville, Cardigan Drive"
10004108,54.617585,-5.946866,"Cliftonville, Chestnut Gardens"
10010000,54.615771,-5.9512,"Oldpark, Ardoyne Avenue"
10010015,54.616816,-5.953455,"Oldpark, Marrowbone Park"
10010020,54.618083,-5.953995,"Oldpark, The Park"
10010021,54.619233,-5.9534185,"Oldpark, Torrens Crescent"
10010009,54.612453,-5.9478825,"Oldpark, Hillview Road"
10010002,54.614408,-5.9492400000000005,"Oldpark, Churchview Court"
10010018,54.610981,-5.947988,"Oldpark, Oldpark Library"
10010017,54.615191,-5.950362,"Oldpark, Oldpark Avenue"
10010008,54.611754000000005,-5.947995,"Oldpark, Hillview Court"
10002498,54.624276,-5.97004,"Ballysillan, Ballysillan Leisure Centre"
10012760,54.627542000000005,-5.993452,"Ligoniel, Thornberry Avenue"
10012758,54.626938,-5.986325,"Ligoniel, Mill Valley Way"
10012756,54.62478,-5.983551,"Ligoniel, Mill Valley Lane"
10012754,54.624664,-5.983069,"Ligoniel, Mill Valley Road"
10012755,54.62478,-5.983551,"Ligoniel, Mill Valley Court"
10012757,54.626938,-5.986325,"Ligoniel, Mill Valley Gardens"
10012759,54.62753299999999,-5.993452,"Ligoniel, Thornberry Hill"
10012761,54.6304945,-5.990758,"Ligoniel, Wolfhill Manor"
10003523,54.6819045,-5.9514055,"Carnmoney, Carnmoney Primary School"
10003524,54.6833815,-5.951323500000001,"Carnmoney, Carnvue"
10003517,54.6851675,-5.951187,"Carnmoney, Ballyduff Road"
10003519,54.687152000000005,-5.951064,"Carnmoney, Beverley Avenue"
10003521,54.6886395,-5.948157999999999,"Carnmoney, Beverley Shops"
10009247,54.690074,-5.927398999999999,"Monkstown, Three Mile Water"
10009229,54.687941,-5.92456,"Monkstown, Bridge Road"
10009249,54.68607850000001,-5.9220875,"Monkstown, Wilson's Factory"
10003967,54.60430699999999,-5.9292050000000005,"Belfast, Ulster University Belfast"
10009766,54.684181,-5.9662440000000005,"Newtownabbey, Glencroft Road"
10009780,54.682165000000005,-5.970377,"Newtownabbey, Sherwood Park"
10009302,54.690429,-5.929219,"Mossley, Dunkeld Gardens"
10009230,54.682373,-5.9192915,"Monkstown, Cherrylands"
10012516,54.6664165,-5.9125025,"Whitehouse, Green End Doagh Road"
10003971,54.604539,-5.928048,"Belfast, Dunbar Link"
10006595,54.67842400000001,-5.974854666666666,"Glengormley, Ballyhenry Road"
10000117,54.68437900000001,-5.960371,"Carnmoney, Prince Charles Way"
10003526,54.682709,-5.957244,"Carnmoney, Ferndale"
10003525,54.689488,-5.9454855,"Carnmoney, Fairview Gardens"
10009309,54.689701,-5.9423955,"Mossley, Glenkyle"
10009303,54.689733,-5.936895,"Mossley, Fairview Terminus"
10009284,54.689175000000006,-5.93472,"Mossley, Ballyduff Shops"
10009289,54.68779549999999,-5.9313155,"Mossley, Ballyfore Park"
10009233,54.680596,-5.918149,"Monkstown, Hillcrest Villas"
10009238,54.678102,-5.9165705,"Monkstown, King's Road"
10012290,54.67493950000001,-5.9145385,"Whiteabbey, Knockenagh Avenue"
10012301,54.6725125,-5.913438,"Whiteabbey, Cloughfern Corner"
10012301,54.6725125,-5.913438,"Whiteabbey, Whiteabbey Hospital"
10012365,54.6705135,-5.913223,"Whitehouse, Heather Park"
10012356,54.6683865,-5.912874,"Whitehouse, Abbot's Cross"
10012377,54.66413899999999,-5.9112315,"Whitehouse, Rush Park"
10012355,54.6621975,-5.9096575,"Whitehouse, Abbey Park"
10005767,54.610563,-5.920898,"Duncrue, Nelson Street Bus Lane"
10011167,54.608583,-5.9223,"Duncairn, Dock Street"
10011176,54.606194,-5.92448,"Duncairn, Nelson Street Bridge"
10003989,54.6038255,-5.9296785,"Belfast, University of Ulster School of Art and Design"
10003989,54.6038255,-5.9296785,"Belfast, Ulster University Belfast"
10000055,54.60011899999999,-5.926585,"Belfast, Pottingers Entry High Street"
10004031,54.596587,-5.933224,"Belfast, Upper Queen Street"
10004031,54.596587,-5.933224,"Belfast, UQS Upper Queen Street"
10012296,54.6671005,-5.9029555,"Whiteabbey, Northern Regional College"
10012279,54.672597,-5.9082,"Whiteabbey, Fernagh Avenue"
10012300,54.67215699999999,-5.906105999999999,"Whiteabbey, Whiteabbey Station (bus stop)"
10012273,54.670865500000005,-5.902388999999999,"Whiteabbey, Abbey Court"
10008830,54.677768500000006,-5.993704,"Mallusk, Trench Road"
10008805,54.678021,-5.990249,"Mallusk, Blackwater Road"
10008826,54.675934,-5.9808925,"Mallusk, Scullions Road"
10009308,54.6876595,-5.933873999999999,"Mossley, Ballyduff"
10012380,54.662934,-5.906488,"Whitehouse, Woodland House"
10003527,54.681492000000006,-5.952807,"Carnmoney, Ferndale Avenue"
10009750,54.680985,-5.97284,"Newtownabbey, Ballyhenry Avenue"
10006577,54.679889,-5.975562,"Glengormley, Sandyknowes"
10003529,54.686559,-5.951109,"Carnmoney, Waverley Park"
10012718,54.684954000000005,-5.961412,"Carnmoney, Glebe Road"
10009775,54.682930000000006,-5.968803,"Newtownabbey, Ballyhenry Road"
10009227,54.689338,-5.926381,"Monkstown, Ballyduff"
10003518,54.687753,-5.951018,"Carnmoney, Beverley Avenue"
10012276,54.673021,-5.910915,"Whiteabbey, Cloughfern Station Road"
10012293,54.681408,-5.911027,"Whiteabbey, Monkstown Avenue"
10012293,54.681408,-5.911027,"Whiteabbey, Glenville"
10012293,54.681408,-5.911027,"Whiteabbey, GVL Glenville"
10008829,54.678026,-5.997553,"Mallusk, Trench Road"
10008808,54.67703100000001,-5.993942,"Mallusk, Mallusk Road"
10004767,54.577018,-5.900793500000001,"Cregagh, Hughes Court"
10004791,54.5779105,-5.9011885,"Cregagh, Onslow Park"
10010826,54.570074000000005,-5.913942,"Rosetta, Wellington College Belfast"
10010826,54.570074000000005,-5.913942,"Rosetta, Rosetta St John's Church"
10006422,54.56642,-5.9131315,"Galwally, Hampton Park"
10012030,54.5850855,-5.843389500000001,"Tullycarnet, Our Lady & St Patricks"
10006495,54.5824375,-5.840543,"Gilnahirk, Gortland Park"
10006495,54.5824375,-5.840543,"Gilnahirk, Briarwood Park"
10005829,54.5913,-5.810082,"Dundonald, East Link Road"
10004778,54.574026,-5.903144,"Cregagh, Knock Eden Crescent"
10005815,54.588891,-5.790805000000001,"Dundonald, Ballybeen Enler Centre"
10005803,54.590821,-5.789215,"Dundonald, Dungoyne Park"
10005811,54.58787333333333,-5.8136030000000005,"Dundonald, East Link"
10003224,54.577883,-5.854283000000001,"Braniel, Creevy Avenue"
10000210,54.580249,-5.8697,"Braniel, Roddens Park"
10010820,54.571339,-5.908858,"Rosetta, Knock Eden"
10010822,54.570324,-5.9128,"Rosetta, Knockbreda Road"
10003223,54.578668,-5.874570500000001,"Castlereagh, Clonduff"
10003774,54.580032,-5.8777870000000005,"Castlereagh, Montgomery Road"
10005796,54.593764,-5.785511,"Dundonald, Cairnsmore Avenue"
10005823,54.590862,-5.795419,"Dundonald, Inchmarnock Drive"
10006419,54.564934,-5.909817666666666,"Galwally, Forestside"
10006419,54.564934,-5.909817666666666,"Galwally, FST Forestside"
10007688,54.587752,-5.847272,"Knock, Kingsway"
10007689,54.587059,-5.846705,"Knock, Kingsway Park"
10005820,54.588405,-5.813998000000001,"Dundonald, Hanwood Heights"
10005822,54.5881555,-5.8178795,"Dundonald, Dundonald Ice Bowl"
10012023,54.588842,-5.8375815,"Tullycarnet, Abbey Road"
10011409,54.588551,-5.832126000000001,"Stormont, Sperrin Park"
10012034,54.588979,-5.844499,"Tullycarnet, Kings Square"
10007691,54.5793585,-5.8505615,"Braniel, Woodview Drive"
10003225,54.5800175,-5.8641885,"Braniel, Glen Rise"
10003237,54.581071,-5.8663300000000005,"Braniel, Whincroft Road"
10004786,54.576643,-5.902476,"Cregagh, Mount Merrion Parish Church"
10003773,54.581477,-5.881255,"Castlereagh, Marshalls Road"
10003775,54.582676,-5.884024,"Castlereagh, Orangefield Crescent"
10005802,54.593543,-5.788139,"Dundonald, Craigleith Drive"
10005787,54.59237,-5.786423,"Dundonald, Ballybeen Culross Drive"
10005805,54.590422,-5.7875190000000005,"Dundonald, Ballybeen Cairnsmore Avenue"
10005785,54.588159,-5.788106,"Dundonald, Ardmore Avenue"
10005790,54.586997,-5.788942,"Dundonald, Beauly Drive"
10005786,54.588605,-5.794364,"Dundonald, BBN Ballybeen Rank Road"
10005786,54.588605,-5.794364,"Dundonald, Ballybeen Rank Road"
10005807,54.59185,-5.794855,"Dundonald, Drumadoon Drive"
10005819,54.586752,-5.800654,"Dundonald, Grahamsbridge Road"
10005825,54.58939300000001,-5.805062,"Dundonald, Limetree Res."
10005837,54.591198,-5.807967,"Dundonald, The Moat"
10007686,54.58029,-5.848625,"Braniel, Braniel"
10007686,54.58029,-5.848625,"Braniel, Farmhurst Green"
10007686,54.58029,-5.848625,"Braniel, FMH Braniel"
10003781,54.58381800000001,-5.886657,"Castlereagh, Trigo Parade"
10003768,54.58416,-5.890291,"Castlereagh, Donovan Parade"
10004794,54.579592000000005,-5.895819,"Cregagh, Udr Centre"
10004783,54.57276,-5.904539,"Cregagh, Mount Merrion Avenue"
10009897,54.560304,-5.911302,"Newtownbreda, Newtownbreda Road"
10009899,54.555744,-5.915231,"Newtownbreda, Belvoir View Park "
10004113,54.61568249999999,-5.9375235,"Cliftonville, Atlantic Avenue"
10004132,54.618231,-5.938682333333333,"Cliftonville, Waterworks"
10006350,54.628291,-5.9388295,"Fortwilliam, Firmount"
10006346,54.6301805,-5.93871,"Fortwilliam, Chichester Avenue"
10006349,54.6387835,-5.9364545,"Fortwilliam, Donegall Park Avenue"
10005364,54.640452333333336,-5.934112666666667,"Downview, Downview Avenue"
10005371,54.64717900000001,-5.9347195,"Downview, Serpentine Road"
10002954,54.656508,-5.9379355,"Bellevue, Tree Tops"
10002952,54.6579625,-5.94021,"Bellevue, Hazelwood Park"
10002948,54.65971725,-5.94074125,"Bellevue, Bellevue Park"
10002949,54.666933,-5.9509115,"Bellevue, Elmfield"
10006575,54.668434000000005,-5.953286,"Glengormley, Church Road"
10006600,54.6700285,-5.956996999999999,"Glengormley, Glengormley Centre"
10006600,54.6700285,-5.956996999999999,"Glengormley, GGY Glengormley Centre"
10006590,54.671851,-5.9574245,"Glengormley, Portland Avenue"
10003522,54.6808815,-5.9509765,"Carnmoney, Carnhill Road"
10009305,54.6888975,-5.936673000000001,"Mossley, Forthill Drive"
10006581,54.6737565,-5.956383,"Glengormley, Glengormley Pavilion"
10002955,54.661392000000006,-5.945059,"Bellevue, Whitewell"
10002951,54.66004399999999,-5.943438,"Bellevue, Floral Park"
10006354,54.6334725,-5.937506,"Fortwilliam, North Circular Road"
10004118,54.622508,-5.938301,"Cliftonville, Hopefield Avenue"
10006358,54.635478000000006,-5.936823,"Fortwilliam, Strathmore Park"
10004120,54.6239125,-5.9408165,"Cliftonville, Kansas Avenue"
10006355,54.626169,-5.937976,"Skegoneill, Salisbury Avenue"
10005360,54.6515145,-5.934670000000001,"Downview, Ben Madigan Park"
10005370,54.654039,-5.936503,"Downview, Kincraig Park"
10002946,54.663011,-5.9469695,"Bellevue, Bellevue"
10002947,54.66398,-5.948215,"Bellevue, Bellevue Bridge"
10006587,54.67504399999999,-5.95569,"Glengormley, Inniscoole Park"
10006576,54.6766415,-5.9548035,"Glengormley, Coole Park"
10009760,54.67896999999999,-5.952422,"Newtownabbey, Burnthill Road"
10006596,54.677288,-5.954461,"Glengormley, St Mary's On The Hill"
10005366,54.64259,-5.935975,"Downview, Downview Lodge"
10004129,54.619388,-5.9384895,"Cliftonville, Richmond Lane"
10004136,54.621913,-5.938161,"Cliftonville, Willowbank Gardens"
10005367,54.645245,-5.935135,"Downview, Gray's Lane"
10003528,54.678711,-5.953629,"Carnmoney, St Mary's On The Hill"
10009746,54.67893,-5.952223,"Newtownabbey, Burnthill Road"
10009307,54.6878545,-5.9339805000000005,"Mossley, Forthill Green"
10009306,54.687473,-5.936668,"Mossley, Ballyduff"
10002953,54.664754,-5.948812,"Bellevue, O'Neill Road"
10005372,54.652599,-5.935274,"Downview, Thronemount"
10006343,54.636651,-5.936563,"Fortwilliam, Belfast Castle"
10011192,54.62550600000001,-5.938087,"Skegoneill, Salisbury Avenue"
10004115,54.624344,-5.93844,"Cliftonville, Glandore Avenue"
10004102,54.620688,-5.938052,"Cliftonville, Alexandra Park Avenue"
10006582,54.672625,-5.960689,"Glengormley, Harmin Parade"
10006592,54.6741985,-5.964471,"Glengormley, Rose Park"
10009748,54.685987,-5.9646255,"Newtownabbey, Ballycraigy Road"
10006588,54.6777725,-5.962043250000001,"Glengormley, Northcott"
10006574,54.67511,-5.966829499999999,"Glengormley, Burney's Lane"
10009767,54.681053000000006,-5.963019,"Newtownabbey, Glenvarna Walk"
10009316,54.69145,-5.960792,"Mossley, Milewater Court"
10009295,54.691477000000006,-5.956803,"Mossley, Carn Court"
10003520,54.6892725,-5.9497395,"Carnmoney, Beverley Road"
10006598,54.676708,-5.968602,"Glengormley, Jubilee Way"
10009762,54.682854000000006,-5.963751,"Newtownabbey, Carwood Avenue"
10009751,54.684112,-5.964293,"Newtownabbey, Manse Road [Ballyclare Road]"
10009772,54.68366,-5.9640830000000005,"Newtownabbey, Manse Road [Ballyclare Road]"
10009770,54.681723,-5.963296,"Newtownabbey, Ladysmith Lane"
10006571,54.676646,-5.968668,"Glengormley, Jubilee Way"
10009294,54.690027,-5.951586,"Mossley, Campbell Road"
10009300,54.690017000000005,-5.9515400000000005,"Mossley, Campbell Road"
10009317,54.69129100000001,-5.954051,"Mossley, Manse Way"
10006589,54.678125,-5.962576,"Glengormley, Northcott Shopping Centre"
10006589,54.678125,-5.962576,"Glengormley, NCT Northcott Shopping Centre"
10004112,54.613194500000006,-5.932043999999999,"Cliftonville, Edlingham Street"
10011157,54.6123935,-5.929886,"Duncairn, Adam Street"
10006580,54.6729115,-5.9595655,"Glengormley, Glengormley Park"
10006586,54.67558700000001,-5.960742,"Glengormley, Hillview Park"
10011181,54.6119025,-5.928502,"Duncairn, North City Business Centre"
10011168,54.609028,-5.9293830000000005,"Duncairn, Henry Street"
10003993,54.606779,-5.9313400000000005,"Belfast, Great George's Street"
10009321,54.691289000000005,-5.950762,"Mossley, Mossley Pavilion"
10009324,54.693348,-5.951357,"Mossley, The Glade"
10009329,54.694998,-5.953259,"Mossley, Uppertown Drive"
10009325,54.696478000000006,-5.951494,"Mossley, Mossley West Train Station [bus stop]"
10009313,54.693022,-5.9506440000000005,"Mossley, Lakeview Grove"
10012678,54.608735,-5.929073000000001,"Duncairn, Henry Street"
10003979,54.607212,-5.930931,"Belfast, Great George's Street"
10009320,54.695847,-5.950826999999999,"Mossley, Mossley Mill"
10008820,54.6800825,-6.005121000000001,"Mallusk, Parkmount"
10008819,54.6812625,-6.009406,"Mallusk, Old Mill Crescent"
10006579,54.6715175,-5.972614,"Glengormley, Enterprise Way"
10006593,54.6692735,-5.964989,"Glengormley, Rosehall"
10006578,54.666913,-5.969183999999999,"Glengormley, Edmund Rice College"
10006585,54.6684885,-5.965346,"Glengormley, Hightown Park"
10006583,54.669716,-5.9624625,"Glengormley, Hightown Court"
10006584,54.670927500000005,-5.9597035,"Glengormley, Hightown Glengormley"
10008798,54.678984,-6.001181,"Mallusk, Academy"
10011873,54.6856485,-6.0272465,"Roughfort, Fort Road"
10011875,54.687911,-6.037119000000001,"Roughfort, Oakview"
10011871,54.683148,-6.016401999999999,"Roughfort, Craigarogan Quarry"
10011870,54.684372,-6.0217480000000005,"Roughfort, Bernice Road"
10011876,54.688125,-6.038086,"Roughfort, Roughfort Turning Circle"
10011876,54.688125,-6.038086,"Roughfort, RTC Roughfort Turning Circle"
10011872,54.68451700000001,-6.022377,"Roughfort, Craigarogan Road"
10008815,54.678486,-5.999314,"Mallusk, Hydepark Presbyterian Church"
10008810,54.67714599999999,-5.9943550000000005,"Mallusk, Enterprise Way"
10008810,54.67714599999999,-5.9943550000000005,"Mallusk, Mallusk Road"
10008814,54.67348199999999,-5.9809980000000005,"Mallusk, Hightown Avenue"
10006573,54.672535,-5.976998,"Glengormley, Boxmore"
10008799,54.6702985,-5.9849085,"Mallusk, Alderley Place"
10008827,54.672875,-5.982874,"Mallusk, Mayfield Link"
10008825,54.672654,-5.983071,"Mallusk, Mayfield Link"
10008803,54.6680715,-5.98612,"Mallusk, Aylesbury Avenue"
10008802,54.668181,-5.9897195,"Mallusk, Aylesbury Manor"
10008804,54.668403000000005,-5.995003,"Mallusk, Blackrock Square"
10008804,54.668403000000005,-5.995003,"Mallusk, BLK Blackrock Square"
10007202,54.668833,-5.996517,"Hyde Park, Dermont Road"
10006599,54.67696899999999,-5.972404,"Glengormley, Swanston Road"
10008818,54.668845,-5.985864,"Mallusk, Mayfield High Street"
10006597,54.67625400000001,-5.969943,"Glengormley, Swanston Park"
10009314,54.688991,-5.957797,"Mossley, Manse Way"
10009314,54.688991,-5.957797,"Mossley, MNS Manse Way"
10006594,54.669224,-5.974076999999999,"Glengormley, Royal Mail"
10011184,54.61202,-5.9235565,"Duncairn, St Paul's"
10012350,54.632982,-5.923030499999999,"Whitehouse Upper, Lowwood Park"
10012349,54.6349995,-5.923292,"Whitehouse Upper, Loughside"
10012347,54.6373365,-5.9233125,"Whitehouse Upper, Donegall Park Avenue"
10012353,54.640532,-5.923095,"Whitehouse Upper, Parkmount"
10006824,54.651755,-5.927451,"Greencastle (Newtownabbey), White City"
10012378,54.654192,-5.9306825,"Whitehouse, Upper Whitewell"
10010622,54.6563625,-5.933339,"Whitehouse, Throne Centre"
10010610,54.65812,-5.9360015,"Rathcoole, Fairyknowe Park"
10011187,54.60982200000001,-5.923769,"Duncairn, Yorkgate Station [bus stop]"
10005773,54.6275165,-5.923751,"Skegoneill, Fortwilliam Crescent"
10012348,54.629233,-5.923229,"Whitehouse Upper, Fortwilliam"
10012352,54.631817000000005,-5.922943,"Whitehouse Upper, Mount Vernon House"
10006815,54.642646,-5.9221735,"Greencastle (Newtownabbey), Grays Lane"
10006816,54.645227,-5.920446,"Greencastle (Newtownabbey), Greencastle"
10012340,54.6468375,-5.921068999999999,"Whitehouse Lower, Catherine Court"
10012341,54.647574,-5.922108000000001,"Whitehouse Lower, Hazelwood College"
10012343,54.649025,-5.923917,"Whitehouse Lower, Serpentine Road"
10012344,54.650606,-5.925937,"Whitehouse Lower, Vandyck Gardens"
10005776,54.6238055,-5.922964,"Skegoneill, Seaview"
10005777,54.6214605,-5.9235405,"Skegoneill, Skegoneill Avenue"
10012358,54.654715,-5.931354,"Whitehouse, Arthur Bridge"
10011178,54.6150755,-5.924353,"Duncairn, Mountcollyer Road"
10009299,54.689646,-5.936527,"Mossley, Carnmoney Terminus"
10009299,54.689646,-5.936527,"Mossley, CMY Carnmoney Terminus"
10006823,54.650835,-5.926235,"Greencastle (Newtownabbey), Vandyck Gardens"
10012345,54.649824,-5.924923000000001,"Whitehouse Lower, Veryan Gardens"
10012351,54.63072,-5.922426000000001,"Whitehouse Upper, Mount Vernon"
10005781,54.625623,-5.923398000000001,"Skegoneill, York Drive"
10005762,54.619858,-5.92363,"Skegoneill, Fife Street"
10011174,54.61758,-5.923916,"Skegoneill, Ivan Street"
10003996,54.605562,-5.927949,"Belfast, Little Patrick Street"
10011172,54.617954000000005,-5.923742,"Skegoneill, Grove Place"
10011160,54.618865,-5.923371,"Skegoneill, Bute Street"
10005782,54.625262,-5.923262,"Skegoneill, York Park"
10012338,54.649894,-5.918774,"Whitehouse Lower, Bawnmore"
10006822,54.6559055,-5.9218455,"Greencastle (Newtownabbey), Longlands Road"
10006808,54.656185333333326,-5.918516666666666,"Greencastle (Newtownabbey), Abbeycentre"
10006808,54.656185333333326,-5.918516666666666,"Greencastle (Newtownabbey), ABY Abbeycentre"
10012367,54.654513,-5.927938,"Whitehouse, McILroy Court"
10009330,54.6878255,-5.9547685,"Mossley, Waverley Gardens"
10009761,54.685662,-5.961346,"Newtownabbey, Carnview Road"
10012346,54.6525705,-5.91608,"Whitehouse Lower, Whitehouse"
10012342,54.647426,-5.91976,"Whitehouse Lower, M2 Onslip"
10012359,54.654495,-5.927381,"Whitehouse, Arthur Road"
10012368,54.6553995,-5.9112385,"Whitehouse, Merville Garden Village"
10012368,54.6553995,-5.9112385,"Whitehouse, MGV Merville Garden Village"
10009225,54.688277,-5.917965000000001,"Monkstown, Abbey Green"
10012298,54.685686,-5.9065965,"Monkstown, Seagoe Gardens"
10012369,54.6573315,-5.909434,"Whitehouse, Merville Mews"
10009248,54.689841,-5.9164115,"Monkstown, White Church"
10009236,54.68983299999999,-5.913325,"Monkstown, Jennings Park"
10012294,54.684016,-5.905899,"Monkstown, Devenish Drive"
10012294,54.684016,-5.905899,"Monkstown, DVH Devenish Drive"
10009235,54.687465,-5.909444000000001,"Monkstown, Hollybank Primary School"
10009234,54.688815000000005,-5.910584500000001,"Monkstown, Hollybank Court"
10009237,54.688428,-5.917896,"Monkstown, Jordanstown Road"
10012284,54.686853,-5.908374,"Monkstown, Hollybank Primary School"
10012285,54.68431999999999,-5.905851999999999,"Monkstown, Hollybank Way"
10012373,54.658251500000006,-5.923718,"Whitehouse, Newtownabbey Courthouse"
10010626,54.661452,-5.927182,"Rathcoole, Valley Retail Park"
10010625,54.663147,-5.930413,"Rathcoole, Valley Leisure Centre"
10010609,54.6678865,-5.9172105,"Rathcoole, Eastway"
10012364,54.665940000000006,-5.9145655,"Whitehouse, Green End"
10010603,54.664492,-5.9286475,"Rathcoole, Carnreagh Bend"
10010602,54.668312,-5.92553,"Rathcoole, Braden Glen"
10010618,54.667334,-5.927735,"Rathcoole, Rathcoole Primary School"
10010618,54.667334,-5.927735,"Rathcoole, RCL Rathcoole Primary School"
10010606,54.668965,-5.919589,"Rathcoole, Derrycoole Park"
10010627,54.663111,-5.929857,"Rathcoole, West Crescent"
10010617,54.668547,-5.924557,"Rathcoole, Rathcoole Leisure Park"
10010607,54.668867000000006,-5.920184,"Rathcoole, Derrycoole Walk"
10012357,54.660047,-5.915232,"Whitehouse, Armoy Gardens"
10012360,54.6619575,-5.9160875,"Whitehouse, Avonlea Gardens"
10012375,54.66332,-5.917421,"Whitehouse, Rathcoole Diamond"
10012362,54.6616355,-5.9213905,"Whitehouse, Clonbeg Drive"
10012372,54.658938,-5.911917,"Whitehouse, Newtownabbey Community School"
10012371,54.658891,-5.91178,"Whitehouse, Newtownabbey Community High School"
10007260,54.6869085,-5.893922,"Jordanstown, Jordanstown Station"
10007255,54.681614,-5.894126,"Jordanstown, Coolemoyne Park"
10012303,54.6714885,-5.900217,"Whiteabbey, Station Road"
10012277,54.673348,-5.897563,"Whiteabbey, Dillons Avenue"
10007257,54.685188,-5.894701,"Jordanstown, Glencree Park"
10009243,54.689378000000005,-5.905235,"Monkstown, Mount Pleasant"
10012305,54.679597,-5.891532,"Whiteabbey, Wood Green"
10012275,54.678284,-5.889956,"Whiteabbey, Circular Road"
10012302,54.676754,-5.892439,"Whiteabbey, Whiteabbey Presbyterian Church"
10012278,54.674011,-5.896412000000001,"Whiteabbey, Dillons  Avenue"
10012299,54.676636,-5.892864,"Whiteabbey, Whiteabbey Presbyterian Church"
10012304,54.67878100000001,-5.8901010000000005,"Whiteabbey, Circular Road"
10007258,54.689014,-5.904431,"Jordanstown, Hampton Court"
10012291,54.675397,-5.915771,"Whiteabbey, Lacken Walk"
10010614,54.674243,-5.916621,"Rathcoole, Lacken Gardens"
10010623,54.673712,-5.918122,"Rathcoole, Tulleevin Walk"
10010620,54.673154,-5.920693,"Rathcoole, Renagh Park"
10010600,54.67239,-5.921244000000001,"Rathcoole, Altnacreeve Park"
10011186,54.610110000000006,-5.9245985,"Duncairn, Yorkgate Cityside"
10011186,54.610110000000006,-5.9245985,"Duncairn, Brougham Street"
10004104,54.6172825,-5.934903,"Cliftonville, Atlantic Avenue"
10003839,54.632059000000005,-5.9567475000000005,"Cavehill, Kilcoole Park"
10011183,54.60808600000001,-5.9213265,"Duncairn, Pilot Street"
10003840,54.632161,-5.947339,"Cavehill, Shandarragh Park"
10003838,54.630655,-5.945975,"Cavehill, Henderson Avenue"
10004107,54.623413,-5.943413,"Cliftonville, Cedar Avenue"
10003843,54.632763,-5.951569,"Cavehill, Sunningdale Park North"
10002501,54.631438,-5.9598695,"Ballysillan, Belfast Boys' Model School"
10006345,54.627022,-5.943741999999999,"Fortwilliam, Charnwood Avenue"
10011162,54.6065885,-5.922316,"Duncairn, Clarendon Dock"
10011175,54.616239,-5.932176,"Duncairn, Lawther Street"
10003965,54.604589,-5.923633000000001,"Belfast, Corporation Square"
10011185,54.612104,-5.926649,"Duncairn, Upper Canning Street"
10011164,54.614009,-5.926359,"Duncairn, Cosgrave Street"
10011165,54.614899,-5.927969999999999,"Duncairn, Cosgrave Heights"
10011180,54.615645,-5.930596,"Duncairn, Newington Pres Church"
10004103,54.618316,-5.937522,"Cliftonville, Limestone Road"
10004130,54.62019,-5.940958,"Cliftonville, Richmond Square"
10004131,54.620767,-5.941587,"Cliftonville, Rosemount Gardens"
10004124,54.622211,-5.942482,"Cliftonville, Marsden Terrace"
10004122,54.624435,-5.943253,"Cliftonville, Madison Avenue"
10006359,54.626625,-5.943638,"Fortwilliam, Westland Road"
10006352,54.628266,-5.944213,"Fortwilliam, Inver Avenue"
10003845,54.630216,-5.945532,"Cavehill, Tivoli Gardens"
10003844,54.631624,-5.946948,"Cavehill, Sunningdale Park "
10003836,54.632973,-5.947546,"Cavehill, Upper Cavehill Road"
10003842,54.633031,-5.949914,"Cavehill, Slievedarragh Park"
10004135,54.625137,-5.943356,"Cliftonville, Indiana Avenue"
10004128,54.622356,-5.942552,"Cliftonville, Marsden Gardens"
10012682,54.618504,-5.937992,"Cliftonville, Camberwell Terrace"
10011166,54.616069,-5.931736,"Duncairn, Currie Primary School"
10011163,54.615024,-5.928428,"Duncairn, Cosgrave Heights"
10011177,54.613345,-5.926392,"Duncairn, Mervue Street"
10011171,54.604909,-5.9234,"Duncairn, Corporation Square"
10004021,54.601203000000005,-5.924780999999999,"Belfast, T & G Transport House"
10003962,54.597185,-5.933134000000001,"Belfast, Wellington Place"
10003962,54.597185,-5.933134000000001,"Belfast, WP Wellington Place"
10011169,54.618614,-5.929725,"Duncairn, Elim Christian Centre"
10011159,54.6196735,-5.9314985,"Duncairn, Jellicoe Avenue"
10011194,54.62478,-5.9331985,"Skegoneill, Fortwilliam Parade"
10011191,54.6263865,-5.9338375,"Skegoneill, Somerton Mews"
10011191,54.6263865,-5.9338375,"Skegoneill, Hospice Somerton Road"
10011190,54.627998,-5.934809,"Skegoneill, Fortwilliam Park"
10006348,54.630413,-5.9354615,"Fortwilliam, Dominican College"
10006356,54.6322455,-5.935128000000001,"Fortwilliam, Somerton Road"
10006353,54.6340775,-5.9342765,"Fortwilliam, Landsdowne Road"
10006351,54.635425,-5.9336965,"Fortwilliam, Glastonbury Avenue"
10005361,54.6372355,-5.933411,"Downview, Castle Avenue"
10005368,54.638308,-5.932017,"Downview, Donegall Park Avenue"
10011179,54.6153695,-5.926289499999999,"Duncairn, Mountcollyer Road"
10011161,54.6167725,-5.9255675,"Duncairn, Castleton Avenue"
10011158,54.617932,-5.926887,"Duncairn, Alexandra Park Avenue"
10011158,54.617932,-5.926887,"Duncairn, Esther Street"
10005363,54.639629000000006,-5.932569,"Downview, Waterloo Gardens"
10011170,54.618208,-5.928033999999999,"Duncairn, Alexandra Park Avenue"
10011170,54.618208,-5.928033999999999,"Duncairn, Gainsborough Drive"
10011173,54.62152950000001,-5.9309785,"Skegoneill, Grove Playing Field"
10011193,54.623349,-5.931753,"Skegoneill, Skegoneill Drive"
10012585,54.638662,-5.929845,"Downview, Castle Gardens"
10005362,54.638075,-5.933113,"Downview, Donegall Park Avenue"
10005362,54.638075,-5.933113,"Downview, Innisfayle Road"
10011189,54.623339,-5.931676,"Skegoneill, Skegoneil Drive"
10005365,54.638078,-5.927008,"Downview, Innisfayle Gardens"
10005369,54.639013,-5.932771,"Downview, Innisfayle Road"
10005373,54.639598,-5.929673,"Downview, Waterloo Gardens"
10005374,54.63803000000001,-5.926298,"Downview, Innisfayle Gardens"
10002136,54.5988185,-5.8978225,"Ballymacarrett, Dee Street"
10012537,54.5992835,-5.90156,"Ballymacarrett, Templemore Ave [N'ards Road]"
10002975,54.6084565,-5.8684975,"Belmont, Carolhill"
10002964,54.6097675,-5.8668960000000006,"Belmont, Ashfield Boys"
10012582,54.607099,-5.874583,"Sydenham, Palmerston Park"
10004020,54.600567000000005,-5.918621,
10011920,54.600197,-5.9086485,"Titanic Quarter, Short Strand (Newtownards Road)"
10002149,54.599633,-5.9043355,"Ballymacarrett, Tower Street"
10003946,54.599839,-5.917095,"Belfast, Bridge End"
10003969,54.59668366666667,-5.931516333333334,"Belfast, Donegall Square West"
10003969,54.59668366666667,-5.931516333333334,"Belfast, DSW"
10007785,54.618312,-5.853061,"Knocknagoney (Holywood), Knocknagoney Avenue"
10002965,54.6109465,-5.8654565000000005,"Belmont, Ashfield Girls"
10007780,54.61290699999999,-5.863023,"Knocknagoney (Belfast), Blanchflower Park"
10003150,54.599006,-5.885112,"Sydenham, Connsbrook Avenue"
10012624,54.5981695,-5.8871215,"Orangefield, Holywood Arches (Holywood Road)"
10012547,54.596224,-5.924786,"Belfast, May Street [St George's Market]"
10003999,54.596109,-5.928058,"Belfast, May Street [City Hall]"
10007790,54.6164995,-5.861093,"Knocknagoney (Belfast), Tillysburn Park"
10007791,54.613896,-5.862026999999999,"Knocknagoney (Holywood), Tillysburn Park"
10007789,54.613039,-5.862861,"Knocknagoney (Holywood), Templeton House"
10002139,54.598304000000006,-5.893801,"Ballymacarrett, Hunt Street"
10002133,54.599908,-5.906488,"Ballymacarrett, Bryson Street"
10004006,54.598912,-5.921724,"Belfast, Oxford Street"
10004019,54.596242,-5.922680000000001,"Belfast, St Georges Market"
10007786,54.61911,-5.859523,"Knocknagoney (Belfast), Parklands"
10011614,54.60003100000001,-5.884641,"Sydenham, Dundela Park"
10011622,54.60508,-5.879882,"Sydenham, Larkfield"
10011623,54.605713,-5.876017,"Sydenham, Palmerston Road"
10011616,54.608108,-5.875529,"Sydenham, Station Road"
10011631,54.609305000000006,-5.876883,"Sydenham, Sydenham Station"
10011618,54.610362,-5.874661,"Sydenham, Inverary Drive"
10011619,54.609885000000006,-5.8730905,"Sydenham, Inverary Playing Fields"
10011620,54.608779000000006,-5.870485,"Sydenham, Inverleith Drive"
10011617,54.608619,-5.870091,"Sydenham, Inverary Avenue"
10011621,54.60933299999999,-5.871819,"Sydenham, Inverleith Drive"
10011632,54.609158,-5.877201,"Sydenham, Sydenham Station"
10011627,54.60724,-5.874421,"Sydenham, Palmerston Road"
10012500,54.605195,-5.877237,"Sydenham, Larkfield Road"
10011629,54.603833,-5.881054,"Sydenham, Strandburn Drive"
10011624,54.602184,-5.88261,"Sydenham, Parkgate Avenue"
10011615,54.60011899999999,-5.884544,"Sydenham, Glendale Court"
10004026,54.597501,-5.925356,"Belfast, Victoria Square Chichester Street"
10012614,54.600889,-5.923775,"Belfast, Albert Clock Queens Square"
10012614,54.600889,-5.923775,"Belfast, Queens Square"
10002145,54.598283,-5.8936470000000005,"Ballymacarrett, Ribble Street"
10007787,54.6186515,-5.855985499999999,"Knocknagoney (Holywood), Knocknagoney Primary"
10007788,54.619948,-5.859185,"Knocknagoney (Holywood), Knocknagoney Tesco"
10007788,54.619948,-5.859185,"Knocknagoney (Holywood), KGY Knocknagoney Tesco"
10010133,54.597599,-5.893853,"Orangefield, Connswater"
10011531,54.6002595,-5.8802255,"Strandtown, Strand Cinema"
10011529,54.60115,-5.8781975,"Strandtown, Park Avenue"
10011626,54.603009,-5.8755855,"Sydenham, St Marks"
10011613,54.6046535,-5.8732475,"Sydenham, Clonaver"
10003000,54.6071415,-5.870122,"Belmont, Tudordale"
10003156,54.599325,-5.883316000000001,"Bloomfield, Strandtown"
10012480,54.595684,-5.916379,"Belfast, Lanyon Place Station [Glider]"
10011532,54.59958,-5.882497,"Strandtown, Strandtown"
10002130,54.596343000000005,-5.898352,"Ballymacarrett, Avoniel"
10004029,54.597272,-5.921452,"Belfast, Waterfront"
10002146,54.5953255,-5.9023745000000005,"Ballymacarrett, Templemore Ave [Albertbridge Road]"
10002146,54.5953255,-5.9023745000000005,"Ballymacarrett, Templemore Avenue"
10012619,54.595673,-5.916766,"Belfast, Lanyon Place [bus]"
10012618,54.5956315,-5.9094315,"Willowfield (Belfast), Albert Bridge"
10002983,54.616382,-5.850158,"Knocknagoney (Belfast), Knocknagoney Drive"
10007781,54.6152755,-5.860468,"Knocknagoney (Belfast), Glendhu Manor"
10007782,54.614729,-5.8564935,"Knocknagoney (Belfast), Glenluce Drive"
10007782,54.614729,-5.8564935,"Knocknagoney (Belfast), Garnerville Road"
10002979,54.614748,-5.852784,"Belmont, Upper Garnerville Road"
10002984,54.618101,-5.8503,"Knocknagoney (Belfast), Knocknagoney Avenue"
10000205,54.614639,-5.85423,"Belmont, Glendhu Park"
10007173,54.6252825,-5.859958000000001,"Holywood Exchange, Holywood Exchange"
10007173,54.6252825,-5.859958000000001,"Holywood Exchange, HX Holywood Exchange"
10007784,54.621234,-5.864832,"Knocknagoney (Belfast), Holywood Exchange Ikea"
10002976,54.6061325,-5.8707475,"Belmont, Circular Road"
10002972,54.6070415,-5.8527645,"Belmont, Cairnburn Road"
10002992,54.60444,-5.8639545,"Belmont, Orchard Lane"
10002978,54.605649,-5.860137,"Belmont, CIYMS"
10002986,54.611348,-5.853103,"Belmont, Motelands"
10002996,54.613864,-5.851546,"Belmont, Garnerville Road"
10012583,54.606243000000006,-5.8541300000000005,"Belmont, Cairnburn Allotments"
10002980,54.610513,-5.852636,"Belmont, Glenmillan"
10002990,54.609649000000005,-5.8518065,"Belmont, Old Holywood Road (Kennelbridge)"
10002971,54.607044,-5.851657,"Belmont, Cairnburn Gardens"
10002974,54.6014455,-5.853422500000001,"Belmont, Campbell College"
10012032,54.5945385,-5.8420385,
10011422,54.5947535,-5.83596,"Stormont, Summerhill Avenue"
10005799,54.594591,-5.8179065,
10011527,54.600448,-5.8771355,"Strandtown, Sydenham Drive"
10012721,54.599589,-5.865099,
10002969,54.605147,-5.848042,"Belmont, Massey Avenue"
10011419,54.5947515,-5.829568500000001,"Stormont, Rosepark"
10005838,54.595373,-5.8116900000000005,"Dundonald, Ulster Hospital"
10005838,54.595373,-5.8116900000000005,"Dundonald, UH Ulster Hospital"
10012025,54.598145,-5.84499,"Tullycarnet, Campbell College Grounds"
10011415,54.60276,-5.843717,"Stormont, Netherleigh Park"
10002985,54.604732,-5.849743,"Belmont, Massey Green"
10002989,54.604068000000005,-5.851055000000001,"Belmont, Old Holywood Road"
10002997,54.6030845,-5.8523535,"Belmont, Schomberg Avenue"
10011530,54.600185,-5.874959,"Strandtown, Ranfurly Drive"
10011523,54.599821,-5.871633999999999,"Strandtown, Clonallon Gardens"
10002994,54.599939,-5.863006,"Belmont, Pine Lodge"
10002995,54.600523,-5.858425,"Belmont, Pirrie Road"
10002988,54.604294,-5.8466,"Belmont, Netherleigh Mews"
10002977,54.604011,-5.84434,
10011401,54.594114000000005,-5.823613,"Stormont, Ardcarn"
10002987,54.604023,-5.844462999999999,"Belmont, Castlehill"
10011526,54.59996999999999,-5.872911,"Strandtown, Edenville Crescent"
10011407,54.5948465,-5.8266305,
10011404,54.602468,-5.838941,"Stormont, Massey Avenue Gates"
10011402,54.598212,-5.8273565000000005,"Stormont, Castle Buildings"
10011405,54.596678,-5.828274,"Stormont, Craigantlet Buildings"
10011416,54.6033315,-5.8322155,"Stormont, Parliament Buildings"
10011413,54.602354000000005,-5.838591,"Stormont, Massey Avenue Gates"
10011420,54.596678,-5.828274,"Stormont, Sports Ground"
10011406,54.599527,-5.826745,"Stormont, Dept of Agriculture"
10011414,54.603388,-5.841137000000001,"Stormont, Massey Avenue"
10011403,54.603577,-5.841623,"Stormont, Cloverhill Gardens"
10011410,54.599527,-5.826745,"Stormont, I T Division"
10002134,54.5927035,-5.90148,"Ballymacarrett, Calvin Street"
10000208,54.593601,-5.876168,"Bloomfield, North Road"
10012423,54.594556,-5.907258000000001,"Willowfield (Belfast), Mount Conference Centre"
10012432,54.593392,-5.906482,"Willowfield (Belfast), Woodstock Link"
10002144,54.592662,-5.903239,"Ballymacarrett, Pottinger Street"
10011525,54.595297,-5.875538,"Strandtown, Cyprus Gardens"
10010135,54.5915855,-5.892747,"Orangefield, Elmgrove"
10012409,54.592623,-5.904587,"Willowfield (Belfast), Cherryville Street"
10002982,54.594731,-5.85691,"Belmont, Knock Road (Upper Newtownards Road)"
10011028,54.5915325,-5.853657999999999,"Shandon, Towell House"
10011019,54.593433,-5.854912000000001,"Shandon, Knockdene"
10002150,54.592422,-5.8987165,"Ballymacarrett, Trillick Street"
10002131,54.591931,-5.896312,"Ballymacarrett, Avoniel Road"
10010131,54.592729000000006,-5.889508,"Orangefield, Bloomfield Mill"
10003154,54.5925165,-5.8837695,"Bloomfield, Lichfield Avenue"
10003147,54.59135799999999,-5.8804940000000006,"Bloomfield, Bloomfield"
10002028,54.595228500000005,-5.868809000000001,"Ballyhackamore, Ballyhackamore"
10002028,54.595228500000005,-5.868809000000001,"Ballyhackamore, Strandtown Primary School"
10003155,54.592516,-5.877339,"Bloomfield, Orangefield Road"
10003149,54.591309,-5.880776,"Bloomfield, Bloomfield Roundabout"
10010136,54.593211,-5.888291000000001,"Orangefield, Holycroft Avenue"
10010129,54.592180000000006,-5.89048,"Orangefield, Abetta Parade"
10002035,54.594912,-5.861815,"Ballyhackamore, Greenwood Park"
10011023,54.592752,-5.855055999999999,"Shandon, Knockdene"
10007683,54.590058,-5.849611,"Knock, Barnett's Road"
10007683,54.590058,-5.849611,"Knock, Kings Road"
10012029,54.588976,-5.845335,"Tullycarnet, Kings Square"
10011408,54.58852099999999,-5.831478,"Stormont, Sperrin Park"
10012592,54.594878,-5.860903,"Ballyhackamore, Greenwood Park"
10005833,54.586608,-5.808074,"Dundonald, Quarry Lane"
10012499,54.582264,-5.792603,"Dundonald, Millmount"
10005826,54.5832805,-5.796338499999999,"Dundonald, Millars Forge"
10012564,54.578173,-5.788554,"Dundonald, Millmount Village"
10011528,54.59575600000001,-5.874029,"Strandtown, North Road (Upper Newtownards Road)"
10012598,54.582701,-5.791403,"Dundonald, Millmount Road"
10002027,54.595036,-5.865306,"Ballyhackamore, Astoria Gardens"
10012433,54.594618,-5.907223999999999,"Willowfield (Belfast), Woodstock Lodge"
10012028,54.588157,-5.8357220000000005,"Tullycarnet, Kingsway Park"
10006496,54.58723,-5.835639499999999,"Gilnahirk, Kilmory Gardens"
10006497,54.58553199999999,-5.82814,"Tullycarnet, Leven Crescent"
10012610,54.58521,-5.830726,"Tullycarnet, Leven Place"
10012587,54.585351,-5.829062,"Tullycarnet, Leven Close"
10005812,54.591048,-5.810606,"Dundonald, East Link Road"
10005816,54.593759,-5.81337,"Dundonald, Galway Drive"
10006500,54.586153,-5.834227,"Tullycarnet, Melfort Drive"
10006498,54.585216,-5.830601000000001,"Tullycarnet, Leven Drive"
10006499,54.5862455,-5.8288755,"Gilnahirk, Lochinver Drive"
10010353,54.58636,-5.830711,"Gilnahirk, Lothian Avenue"
10011412,54.587865,-5.829455,"Stormont, Lowland Avenue"
10005813,54.588626,-5.813831,"Dundonald, East Link Road (Hanwood Ave)"
10006491,54.58695,-5.830061,"Gilnahirk, Alford Park"
10002039,54.5925895,-5.867723999999999,"Ballyhackamore, Kings Road"
10011024,54.586828,-5.859026999999999,"Shandon, Knockvale Park"
10011025,54.587815500000005,-5.8571805,"Shandon, Marie Curie Centre"
10002034,54.588163,-5.867956,"Ballyhackamore, Clarawood Park"
10010132,54.586631,-5.870279,"Orangefield, Clarawood Grove"
10003221,54.58545149999999,-5.869119,"Braniel, Clarawood Flats"
10003229,54.584708,-5.865196,"Braniel, Knock Grove"
10011021,54.589587,-5.855957500000001,"Shandon, Knock Headquarters"
10002044,54.589377,-5.86441,"Ballyhackamore, Clara Road"
10002044,54.589377,-5.86441,"Ballyhackamore, Sandown Road"
10002031,54.590385,-5.86476,"Ballyhackamore, Clara Park"
10012584,54.585548,-5.866916000000001,"Braniel, Clarawood Shops"
10002036,54.594212,-5.868491000000001,"Ballyhackamore, Hewitt Parade"
10002047,54.594584,-5.868688,"Ballyhackamore, Hewitt Parade"
10002032,54.589435,-5.8641440000000005,"Ballyhackamore, Clara Road Entrance"
10006493,54.583828,-5.841429,"Gilnahirk, Gilnahirk Rise"
10007687,54.586457,-5.846195,"Knock, Kingsway Park"
10007687,54.586457,-5.846195,"Knock, Kensington"
10007685,54.587779000000005,-5.847286,"Knock, Cherryvalley"
10003222,54.58625,-5.870051999999999,"Braniel, Clarawood Grove"
10002033,54.588024,-5.868737,"Ballyhackamore, Clarawood Park"
10002129,54.594789000000006,-5.904382999999999,"Ballymacarrett, Castlereagh Street Junction"
10002143,54.5936705,-5.9020725,"Ballymacarrett, Paxton Street"
10002140,54.5921425,-5.8991875,"Ballymacarrett, John Long's Corner"
10003235,54.578973000000005,-5.865875,"Braniel, Roddens Gardens"
10003234,54.577814,-5.859028,"Braniel, Ravenswood Park"
10004765,54.588965,-5.896326,"Cregagh, Ardgowan Street"
10003777,54.580708,-5.879423,"Castlereagh, Orby Street"
10003233,54.579403000000006,-5.876288,"Castlereagh, Montgomery Road"
10004016,54.598294,-5.9103325,"Belfast, Mountpottinger Link"
10004014,54.598884,-5.912253,"Belfast, Sirocco Works"
10002141,54.596372,-5.907289,"Ballymacarrett, Madrid Street"
10003217,54.577653,-5.871537,"Braniel, Brentwood Park"
10004779,54.5854215,-5.8902265,"Cregagh, Ladas Drive"
10003226,54.576502000000005,-5.866676999999999,"Braniel, Glen Road"
10002142,54.596954,-5.908188,"Ballymacarrett, Mountpottinger Road"
10004781,54.587003,-5.893549,"Cregagh, Loopland Park"
10003776,54.583827,-5.886672,"Castlereagh, Orby Place"
10003770,54.582226,-5.88298,"Castlereagh, Grosvenor Grammar School"
10003770,54.582226,-5.88298,"Castlereagh, Houston Park"
10004780,54.58665799999999,-5.892855,"Cregagh, Loopland"
10002147,54.595780000000005,-5.906313,"Ballymacarrett, The Green"
10004002,54.599202000000005,-5.911927,"Belfast, Mountpottinger Road"
10003228,54.576751,-5.86651,"Braniel, Glen Road"
10010130,54.585486,-5.888505,"Orangefield, Orby Drive"
10010138,54.586206,-5.88754,"Orangefield, Grand Parade"
10003148,54.59014200000001,-5.882384,"Bloomfield, Greenville Road"
10007696,54.571505,-5.88663,"Knockbreda, McCaughan Park"
10007692,54.568453000000005,-5.896609,"Knockbreda, Beechgrove Drive"
10006424,54.5659965,-5.903169500000001,"Galwally, Knockbreda High School"
10009907,54.5586545,-5.9091595,"Newtownbreda, Mount Oriel"
10007699,54.569875,-5.892066000000001,"Cregagh, St Finnians Church"
10006361,54.557153,-5.902889,"Four Winds, Colby Park"
10009904,54.55792149999999,-5.9055015,"Newtownbreda, Glendale"
10007697,54.568272,-5.897562000000001,"Knockbreda, Rosetta Road"
10007700,54.571719,-5.88651,"Cregagh, Stirling Avenue"
10003779,54.573262,-5.883801,"Castlereagh, Rochester Road"
10003767,54.575327,-5.879579,"Castlereagh, Clonduff Drive"
10003219,54.57695,-5.875797,"Braniel, Carncaver Road"
10003766,54.576661,-5.876183,"Castlereagh, Castledona"
10006368,54.555973,-5.8921645,"Four Winds, Windemere"
10006368,54.555973,-5.8921645,"Four Winds, Four Winds"
10006368,54.555973,-5.8921645,"Four Winds, FW Four Winds"
10006364,54.5561835,-5.896514,"Four Winds, Four Winds Park"
10006365,54.556595,-5.900544,"Four Winds, Glenholm"
10009901,54.559868,-5.909422,"Newtownbreda, Breda Park"
10006421,54.562291,-5.908726000000001,
10012680,54.562598,-5.90987,"Galwally, Foresthill View"
10007171,54.614921,-5.869685,"Sydenham, George Best Belfast City Airport"
10007171,54.614921,-5.869685,"Sydenham, BCA Belfast City Airport"
10003995,54.596064,-5.929113,"Belfast, Donegall Square South"
10003968,54.598124,-5.930262,"Belfast, Donegall Place"
10011182,54.607054000000005,-5.925907,"Duncairn, Northside Park & Ride"
10003973,54.600099,-5.91185,"Belfast, Eastside Park and Ride"
10004764,54.5818275,-5.898024,"Cregagh, Ardenlee"
10004776,54.574516,-5.895430999999999,"Cregagh, Hamel Drive"
10004775,54.5756335,-5.8958215,"Cregagh, Greenway"
10004793,54.587673,-5.900555000000001,"Cregagh, Redcar Street"
10012563,54.571006,-5.894096,"Cregagh, The Museum of Orange Heritage"
10004782,54.576976,-5.896309,"Cregagh, Montgomery Road"
10004792,54.58580500000001,-5.89963,"Cregagh, Ravenhill Avenue"
10004789,54.58859,-5.901111,"Cregagh, Omeath Street"
10012431,54.589645,-5.901831,"Willowfield (Belfast), Willowfield Crescent"
10012420,54.591972,-5.903847,"Willowfield (Belfast), Isthmus Street"
10012430,54.590511,-5.902545,"Willowfield (Belfast), Willowfield"
10012637,54.585289,-5.899409,"Cregagh, Loopland"
10004771,54.583524,-5.898664,"Cregagh, Harding Memorial Primary School"
10004771,54.583524,-5.898664,"Cregagh, Courtney Hall"
10007698,54.573468000000005,-5.895067,"Cregagh, Somme Drive"
10007693,54.571758,-5.894444,"Cregagh, Cregagh Library"
10004790,54.579978,-5.897346,"Cregagh, Onslow Gardens"
10008468,54.5857025,-5.923093,"Lower Ormeau, Hatfield Street"
10010151,54.580585,-5.920762,"Ormeau, Candahar Street"
10010156,54.5787005,-5.919364999999999,"Ormeau, South Parade"
10010157,54.576980500000005,-5.918099,"Ormeau, Ulidia"
10010150,54.57442350000001,-5.916257,"Ballynafeigh, Ballynafeigh"
10008467,54.583969,-5.922361,"Lower Ormeau, Agincourt Avenue"
10002347,54.581797,-5.921466000000001,"Ormeau, Ormeau Park"
10008470,54.587853,-5.924036,"Lower Ormeau, McClure Street"
10010494,54.545348,-5.92788,"Purdysburn, Hydebank"
10003001,54.545001,-5.924435,"Purdysburn, Bests Hill"
10002851,54.544038,-5.917590000000001,"Beechill, Alderwood Hill"
10002862,54.545449,-5.909217,"Beechill, Royal Lodge"
10002863,54.550722,-5.922119,"Beechill, Tesco Newtownbreda"
10012720,54.552665000000005,-5.918063,"Beechill, Berkley Court"
10010496,54.545633,-5.93037,"Purdysburn, Hydebank Roundabout"
10006420,54.565125,-5.909401,"Galwally, Forestside Upper Galwally"
10003938,54.592378,-5.926901,"Belfast, Alfred Street"
10003966,54.5915125,-5.925684,"Belfast, Gas Works"
10008471,54.587056,-5.923674,"Lower Ormeau, Shaftesbury Avenue"
10003937,54.595686,-5.9285440000000005,"Belfast, Adelaide Street"
10003016,54.544982,-5.924373999999999,"Belvoir, Bests Hill"
10003014,54.551629000000005,-5.938879,"Belvoir, Kilwarlin Crescent (North)"
10006417,54.568831,-5.913805,"Galwally, Annadale Avenue"
10010154,54.573381000000005,-5.915506,"Ormeau, Ardmore Avenue"
10008469,54.59084300000001,-5.925416,"Lower Ormeau, Cromac Place"
10002860,54.551033,-5.914605,"Beechill, Cedarhurst Road"
10002861,54.545667,-5.908866000000001,"Beechill, Royal Lodge"
10002859,54.54418100000001,-5.918572,"Beechill, Greenwood Glen"
10003017,54.547436,-5.93858,"Belvoir, Milltown Hill"
10003013,54.550224,-5.9413540000000005,"Belvoir, Kilwarlin Crescent (East)"
10003002,54.550784,-5.936232,"Belvoir, Kilwarlin Crescent"
10003003,54.5517085,-5.931995000000001,"Belvoir, Belvoir Primary School"
10003004,54.553352,-5.929283,"Belvoir, Castlerobin Road"
10002853,54.553348,-5.921213,"Beechill, Castlecoole Park"
10009906,54.560378,-5.911391,"Newtownbreda, Newtownbreda Road"
10003005,54.553414,-5.925044000000001,"Belvoir, Belvior Forest"
10003006,54.553456,-5.929031,"Belvoir, Castlerobin Road"
10003015,54.551175,-5.937062,"Belvoir, Kilwarlin Crescent (West)"
10003020,54.551511,-5.939858999999999,"Belvoir, Moyle Walk"
10003021,54.548073,-5.941145,"Belvoir, Park View"
10010501,54.547576,-5.93576,"Purdysburn, Taylor Court"
10002857,54.550838,-5.914229,"Beechill, Cedarhurst Road"
10002854,54.552684,-5.918092,"Beechill, Berkley Court"
10006423,54.562954000000005,-5.910161,"Galwally, Knockbreda Cemetery"
10003994,54.594666,-5.929834,"Belfast, Linenhall Street"
10012427,54.592877,-5.911012,"Willowfield (Belfast), Shamrock Street"
10003012,54.5471475,-5.926197,"Belvoir, Greer Park Avenue"
10010676,54.586087,-5.911236,"Ravenhill, Ravenhill Court"
10010672,54.585577,-5.91134,"Ravenhill, BP Service Station"
10010672,54.585577,-5.91134,"Ravenhill, Ardenlee Green"
10002349,54.575144,-5.913498000000001,"Ballynafeigh, St Judes Crescent"
10002350,54.576801,-5.913165,"Ballynafeigh, Aquinas Diocesan Grammar School"
10002350,54.576801,-5.913165,"Ballynafeigh, St Joseph's College"
10002350,54.576801,-5.913165,"Ballynafeigh, St Judes Parade "
10010673,54.580034,-5.912505,"Ravenhill, Park Road"
10010674,54.583983,-5.911683999999999,"Ravenhill, Martyrs Memorial"
10010674,54.583983,-5.911683999999999,"Ravenhill, Ardenlee Avenue"
10012425,54.587278000000005,-5.910974,"Ravenhill, Ballynafoy Close"
10012426,54.58914,-5.910585,"Willowfield (Belfast), Rochester Street"
10012424,54.59109049999999,-5.910299,"Willowfield (Belfast), My Ladys Road"
10004015,54.5954055,-5.9114325,"Belfast, Short Strand (Ravenhill Road)"
10012411,54.589848,-5.910456,"Willowfield (Belfast), Toronto Street"
10012415,54.58829,-5.910767,"Ravenhill, Ravenhill Avenue"
10010677,54.58341,-5.911791,"Ravenhill, Ardenlee Avenue"
10010678,54.58041899999999,-5.912424,"Ravenhill, Ravensdene Park"
10002348,54.579264,-5.912668,"Ballynafeigh, Ravenhill Park"
10002345,54.576980000000006,-5.913125,"Ballynafeigh, Aquinas Diocesan Grammar School"
10002345,54.576980000000006,-5.913125,"Ballynafeigh, St Joseph's College"
10002346,54.574499,-5.913623,"Ballynafeigh, Cherryvale Park"
10010825,54.570337,-5.912011,"Rosetta, Rosetta Knockbreda Road"
10004796,54.571497,-5.903722500000001,"Cregagh, Wynchurch"
10009903,54.560889,-5.909262,"Newtownbreda, Forster Green"
10004787,54.571507,-5.905315,"Cregagh, Mount Merrion Park"
10004784,54.570939,-5.901586,"Cregagh, Mount Merrion Rosetta Road"
10004788,54.570788,-5.901176,"Cregagh, Mount Merrion Rosetta Road"
10003177,54.5890435,-5.933477,"Botanic, Shaftesbury Square"
10003172,54.5874215,-5.9327000000000005,"Botanic, Botanic Avenue"
10003174,54.5850365,-5.9322175,"Botanic, College Green"
10003176,54.584694,-5.929527,"Botanic, Rugby Road"
10009909,54.554098,-5.9086505,"Newtownbreda, Woodbreda"
10009898,54.55194,-5.908846,"Newtownbreda, Beechill Park"
10003408,54.549196,-5.900900999999999,"Cairnshill, Finsbury"
10003407,54.550376,-5.898197,"Cairnshill, Cairnshill Park"
10003980,54.594312,-5.934360666666667,"Belfast, Great Northern Mall"
10003175,54.591418,-5.9328,"Botanic, Dublin Road"
10009905,54.556629,-5.908196,"Newtownbreda, Glendale Park"
10002858,54.549017,-5.9063985,"Beechill, Glenhugh Park"
10006366,54.55198899999999,-5.8956245,"Four Winds, Malvern"
10006367,54.55119499999999,-5.889767,"Four Winds, Ballymaconaghy Mews"
10003410,54.549209,-5.888726,"Cairnshill, Laurelgrove"
10008472,54.585269,-5.924259999999999,"Lower Ormeau, University Avenue"
10011541,54.584997,-5.926501999999999,"Lower Ormeau, Dudley Street"
10003170,54.591018000000005,-5.93412,"Botanic, Albion Street"
10003949,54.592909,-5.933281,"Belfast, Bruce Street"
10003942,54.595104000000006,-5.931297,"Belfast, Bedford Street"
10008473,54.58534,-5.9237,"Lower Ormeau, University Avenue"
10010821,54.572362,-5.914769000000001,"Rosetta, Bell Towers"
10003405,54.54714499999999,-5.9038900000000005,"Cairnshill, Cairnshill Court"
10002864,54.547837,-5.905462,"Beechill, Top Of The Hill"
10006360,54.550844,-5.889724,"Four Winds, Ballymaconaghy Mews"
10003988,54.595918,-5.9323935,"Belfast, Howard Street"
10003988,54.595918,-5.9323935,"Belfast, HS Howard Street"
10003772,54.578881,-5.878025,"Castlereagh, Locksley House"
10003778,54.577745,-5.8829340000000006,"Castlereagh, Robinson Centre"
10003780,54.57728,-5.88845,"Castlereagh, Alanbrooke Road"
10006425,54.56787849999999,-5.917442,"Galwally, Bowling Green"
10001214,54.568657,-5.921145,"Annadale, Annadale Allotments"
10001216,54.57098,-5.9261315,"Annadale, Wellington Square"
10011545,54.581139,-5.927657,"Stranmillis, Queens PEC"
10001213,54.577254,-5.927514,"Annadale, Sunnyside Street"
10000056,54.593015,-5.93001,"Belfast, Ormeau Avenue"
10011542,54.573890000000006,-5.929418,"Stranmillis, Annadale Terrace"
10001212,54.577066,-5.930154,"Annadale, Lyric Theatre Belfast"
10011540,54.582806000000005,-5.924246,"Stranmillis Embankment, Collingwood Avenue"
10010153,54.581757,-5.924361,"Ormeau, Elgin Street"
10011539,54.580775,-5.926361,"Annadale, Agra Street"
10003230,54.579747,-5.871273,"Braniel, Knock Road"
10004785,54.572033,-5.905598,"Cregagh, Mount Merrion Crescent"
10004795,54.578458,-5.898306,"Cregagh, Burren Way"
10010503,54.5845565,-5.9364505,"Queens University, Queen's University"
10011552,54.582442,-5.936325,"Stranmillis, Ulster Museum"
10011550,54.5735655,-5.9330695,"Stranmillis, Stranmillis College"
10011549,54.571853,-5.934347,"Stranmillis, Sharman Road"
10011546,54.5701595,-5.9383305,"Stranmillis, Richmond Park"
10008848,54.567284,-5.949441,"Malone, Bladon Drive"
10008845,54.56563,-5.950499000000001,"Malone, Myrtlefield Park"
10008833,54.563304,-5.9519145,"Malone, Balmoral Avenue"
10008844,54.5608805,-5.9531415,"Malone, Mount Eden Park"
10012163,54.552392,-5.974493,"Upper Malone, Malone View"
10012166,54.55178,-5.976549,"Upper Malone, Trossachs"
10012161,54.5543605,-5.970507,"Upper Malone, Malone Heights"
10012164,54.55586,-5.9655775,
10012156,54.55693,-5.963754,"Upper Malone, Fleming Fulton"
10011543,54.58030500000001,-5.935366,"Stranmillis, Ashby Buildings"
10011548,54.578546,-5.934179,"Stranmillis, Sandhurst Drive"
10011551,54.576102,-5.933188,"Stranmillis, Stranmillis Mews"
10011544,54.5697595,-5.9409645,"Stranmillis, Broomhill Park"
10008835,54.56820999999999,-5.948691,"Malone, Osbourne"
10012157,54.557599,-5.962406,"Upper Malone, Greenview Park"
10003173,54.588802,-5.9348355,"Botanic, Bradbury Place"
10010505,54.586806,-5.935849,"Queens University, Upper Crescent"
10008839,54.559585,-5.9543745,"Malone, Malone Hill Park"
10012152,54.5535555,-5.978216,"Upper Malone, Chippendale Court"
10012158,54.557727,-5.961998,"Upper Malone, Harberton Park"
10012150,54.557989,-5.959402,"Upper Malone, Bristow Park"
10012153,54.555035,-5.967544,"Upper Malone, Dub Lane"
10006273,54.555867000000006,-5.980738,"Finaghy, Erinvale Avenue"
10006273,54.555867000000006,-5.980738,"Finaghy, EVL Erinvale Avenue"
10006267,54.555348,-5.979805000000001,"Finaghy, Benmore Walk"
10012159,54.55803,-5.9586120000000005,"Upper Malone, House of Sport"
10011547,54.577263,-5.933826,"Stranmillis, Ridgeway Street"
10010504,54.587245,-5.93575,"Queens University, Upper Crescent"
10012489,54.592268,-5.934149,"Botanic, Great Victoria Street Naval Club"
10003958,54.596611333333335,-5.928692666666666,"Belfast, Donegall Square East"
10003958,54.596611333333335,-5.928692666666666,"Belfast, DSE"
10008847,54.57313499999999,-5.946811500000001,"Malone, Notting Hill"
10008842,54.582305000000005,-5.937501,"Malone, Methodist College"
10008838,54.580887,-5.9384075,"Malone, Eglantine Avenue"
10008836,54.579807,-5.939097,"Malone, Chlorine Gardens"
10008849,54.577719,-5.941569,"Malone, Sans Souci Park"
10008834,54.576102,-5.944265000000001,"Malone, Beechlands"
10008840,54.57409499999999,-5.946207,"Malone, Malone Road (Victoria College)"
10008831,54.575645,-5.94486,"Malone, Adelaide Park"
10008850,54.578073,-5.940731,"Malone, Windsor Avenue"
10006275,54.560235500000005,-5.9843025,"Finaghy, Finaghy Health Centre"
10006276,54.5622625,-5.986197499999999,"Finaghy, Finaghy Park Central"
10006270,54.556662,-5.981008,"Finaghy, De Beere Court"
10006277,54.558131,-5.9823580000000005,"Finaghy, Finaghy Youth Club"
10001176,54.566517000000005,-5.989939,"Andersonstown, Orchardville"
10006283,54.56629399999999,-5.989502,"Finaghy, Orchardville"
10006283,54.56629399999999,-5.989502,"Finaghy, Finaghy Road North"
10008846,54.555436,-5.948722,"Malone, Newforge Lane"
10004022,54.594627,-5.931244,"Belfast, Ulster Hall"
10011905,54.6048995,-5.896331999999999,"Titanic Quarter, DFI"
10002873,54.625088000000005,-5.8795305,"Belfast Harbour, Moscow Road/Har Lag."
10002875,54.629957000000005,-5.872771,"Duncrue, Portside"
10007172,54.6335795,-5.867702,"Holywood Exchange, Heron Road"
10007175,54.63444150000001,-5.863327,"Holywood Exchange, Trident House"
10005769,54.603089,-5.916078000000001,"Titanic Quarter, SSE Arena"
10005769,54.603089,-5.916078000000001,"Titanic Quarter, Odyssey"
10011921,54.606723,-5.8936915,"Titanic Quarter, Shorts"
10011917,54.608791,-5.890674,"Titanic Quarter, Rivers Edge"
10011903,54.613665000000005,-5.886721,"Titanic Quarter, BOC"
10011900,54.617497,-5.8853765,"Titanic Quarter, Airport Road West"
10011907,54.619929000000006,-5.885187999999999,"Titanic Quarter, EM News Distribution"
10002872,54.622558,-5.882899,"Belfast Harbour, Emo"
10002871,54.620563,-5.884923000000001,"Belfast Harbour, EM News Distribution"
10011904,54.603222,-5.911551,"Titanic Quarter, Sydenham Road"
10011908,54.603303,-5.9063685,"Titanic Quarter, Fraser Street Bridge"
10011909,54.60338949999999,-5.899707,"Titanic Quarter, Hamilton Road"
10002874,54.622347,-5.883173,"Belfast Harbour, Phoenix Gas"
10011916,54.608467000000005,-5.891155,"Titanic Quarter, River Side"
10011912,54.60325699999999,-5.909954,"Titanic Quarter, Old Channel Road"
10011924,54.608881,-5.906725,"Titanic Quarter, Victoria Road"
10011901,54.610452,-5.904523,"Titanic Quarter, Thompson Dry Dock"
10011913,54.60384200000001,-5.913144,"Titanic Quarter, Premier Inn"
10011918,54.613742,-5.899894000000001,"Titanic Quarter, Catalyst Inc"
10011918,54.613742,-5.899894000000001,"Titanic Quarter, Science Park"
10011918,54.613742,-5.899894000000001,"Titanic Quarter, TTB Science Park"
10011899,54.606539,-5.910065,"Titanic Quarter, Titanic"
10012496,54.614696,-5.898436,"Titanic Quarter, Queens Road"
10006243,54.590562,-5.958052,"Falls, Royal Hospital Stores"
10006242,54.593186,-5.954346,"Falls, Royal Hospital Maternity Ward"
10006226,54.594686,-5.951593,"Falls, Institute of Pathology"
10006226,54.594686,-5.951593,"Falls, Royal Hospital Institute of Pathology"
10005772,54.6297965,-5.906610500000001,"Duncrue, Powerteam"
10002878,54.6318495,-5.890309,"Duncrue, West Bank Way"
10005761,54.623752,-5.915424,"Duncrue, Duncrue Pass"
10002877,54.63395799999999,-5.8864585,"Duncrue, Terminus"
10002876,54.635936,-5.881615,"Duncrue, Stena Line terminus"
10005775,54.629659,-5.897912,"Duncrue, Seal Road"
10005766,54.6262935,-5.914814,"Duncrue, Musgrave Cash & Carry"
10005770,54.623448,-5.915502,"Duncrue, Pickfords"
10005760,54.6217665,-5.9136285,"Duncrue, Bretland House"
10005763,54.6195065,-5.914688999999999,"Duncrue, Mc Kee Building"
10005771,54.620515000000005,-5.91322,"Duncrue, Powerplant Trade"
10005780,54.627552,-5.908027,"Duncrue, Vodafone"
10005768,54.613925,-5.919906,"Duncrue, Northern Road"
10005774,54.622409,-5.915741000000001,"Duncrue, Scruttons"
10005757,54.62636800000001,-5.912874,"Duncrue, Auto Trader"
10005759,54.62637900000001,-5.909853,"Duncrue, BKB Bathroom"
10011923,54.62929100000001,-5.895855,"Titanic Quarter, Thomas Johnston"
10011925,54.630312,-5.893618,"Titanic Quarter, West Bank Close"
10011910,54.63055500000001,-5.893079,"Titanic Quarter, Norfolkline Irish Sea Ferries"
10005758,54.628097,-5.914629,"Duncrue, BCC Contract Services"
10005779,54.615198,-5.919206,"Duncrue, Ulsterbus"
10012613,54.6171785,-5.9180445,"Duncrue, Milewater Service Centre"
10004034,54.5875975,-5.9374805,"Belfast City Hospital, Fountainville Ave"
10012437,54.58634000000001,-5.939865,"Windsor, City Hospital"
10012443,54.5840565,-5.943253,"Windsor, Ulsterville Avenue"
10012441,54.581978500000005,-5.947102,"Windsor, Melrose Street"
10012444,54.580854,-5.948644,"Windsor, Windsor Avenue"
10012436,54.57746,-5.9527905,"Windsor, Brookland Street"
10002607,54.5679385,-5.9687885000000005,"Balmoral, King's Hall"
10006274,54.5612455,-5.985056999999999,"Finaghy, Finaghy Crossroads"
10006274,54.5612455,-5.985056999999999,"Finaghy, FXR Finaghy Crosroads"
10006286,54.5586135,-5.989469999999999,"Finaghy, Upton Park"
10006051,54.5510435,-6.003895999999999,"Dunmurry, Dunmurry Village"
10006053,54.548672,-6.00943,"Dunmurry, Grange Hill"
10006055,54.5445655,-6.013286,"Dunmurry, Seymour Hill Estate Ent"
10012440,54.575257500000006,-5.955685,"Windsor, Marlborough Park"
10012445,54.57959650000001,-5.950277,"Windsor, Windsor Road"
10012439,54.57860600000001,-5.951455999999999,"Windsor, Ethel Street"
10012681,54.56381,-5.979572,"Finaghy, Marguerite Park"
10006278,54.562398,-5.982781,"Finaghy, Grangeville Drive"
10002608,54.57295799999999,-5.959196,"Balmoral, Lancefield Road"
10002611,54.571638,-5.961396,"Balmoral, Maryville Park"
10006042,54.541556,-6.013363,"Dunmurry, Ballybog Road"
10006281,54.559862,-5.987514,"Finaghy, Lowe Memorial Church"
10006271,54.563187,-5.981025,"Finaghy, Donegall Park"
10002614,54.567322,-5.9698400000000005,"Balmoral, Park Royal"
10012438,54.574043,-5.957455,"Windsor, Cranmore Avenue"
10006280,54.5661155,-5.973418499999999,"Finaghy, Kingscourt"
10006284,54.564293000000006,-5.978357,"Finaghy, Priory Park"
10006268,54.5560665,-5.9922005,"Finaghy, Blacks Road"
10006050,54.552639,-6.000115,"Dunmurry, Dunmurry Lane"
10005036,54.53896999999999,-6.013751,"Derriaghy, Conway"
10005036,54.53896999999999,-6.013751,"Derriaghy, River Road"
10005036,54.53896999999999,-6.013751,"Derriaghy, RVR River Road"
10006049,54.550324,-6.006304,"Dunmurry, Dunmurry Halt"
10006045,54.55337900000001,-5.999198000000001,"Dunmurry, Beechlawn Park"
10002609,54.570512,-5.963369999999999,"Balmoral, Lislea Park"
10002613,54.571944,-5.960886,"Balmoral, Osbourne Park"
10002605,54.573203,-5.958797,"Balmoral, Capstone Street"
10008832,54.583483,-5.944435,"Malone, Ashley Avenue"
10006285,54.5630265,-5.9781415,"Finaghy, Sicily Park"
10012719,54.55968000000001,-5.974998,"Taughmonagh, Locksley Gardens"
10011671,54.559143000000006,-5.972983,"Taughmonagh, Balmoral"
10011671,54.559143000000006,-5.972983,"Taughmonagh, Finnis Drive"
10011671,54.559143000000006,-5.972983,"Taughmonagh, FD Finnis Drive"
10011672,54.560053,-5.975289,"Taughmonagh, Sicily Park Shops"
10011672,54.560053,-5.975289,"Taughmonagh, Priory Park"
10004032,54.5887985,-5.9428055,"Belfast City Hospital, Abingdon Drive"
10006225,54.58303,-5.96174,"Falls, Boucher Way"
10012435,54.579555,-5.9664470000000005,"Windsor, Boucher Crescent"
10012435,54.579555,-5.9664470000000005,"Windsor, Boucher Retail Park"
10011878,54.58454,-5.959607,"The Village, Olympia Leisure Centre"
10011883,54.586362,-5.958402,"The Village, Glenmachan Street"
10011889,54.584282,-5.959775,"The Village, Olympia Leisure Centre"
10012501,54.588817000000006,-5.954255,"The Village, Kilburn Street"
10003171,54.5893945,-5.935332,"Botanic, Belfast Hostelling International"
10011882,54.586584,-5.958251000000001,"The Village, Glenmachan Street"
10011887,54.588608,-5.956757,"The Village, Broadway"
10011887,54.588608,-5.956757,"The Village, Monarch Laundry"
10012434,54.577504000000005,-5.966046,"Windsor, Boucher Place"
10004035,54.589156,-5.938748,"Belfast City Hospital, Oban Street"
10011890,54.588664,-5.9457445,"The Village, Egeria Street"
10011885,54.58892,-5.950211,"The Village, Richview Court"
10011888,54.588667,-5.956553,"The Village, Broadway"
10011888,54.588667,-5.956553,"The Village, Monarch Laundry"
10011886,54.588852,-5.952613,"The Village, Maldron Street"
10011892,54.588909,-5.95063,"The Village, Richview Court"
10004033,54.589212,-5.937817,"Belfast City Hospital, Oban Street"
10002612,54.57317,-5.969131,"Balmoral, Boucher Playing Fields"
10002606,54.571635,-5.970817,"Balmoral, City Council Depot"
10000123,54.56773871428571,-5.978374285714286,"Balmoral, Musgrave Park Hospital"
10011880,54.584728000000005,-5.953718,
10011893,54.585368,-5.956997,"The Village, Tates Avenue"
10011879,54.58613199999999,-5.951682,
10011891,54.588173,-5.950202,"The Village, Pembroke Street"
10001163,54.576461,-5.9786365,"Andersonstown, Blackstaff Road"
10006282,54.5717715,-5.973354,"Finaghy, Musgrave Park"
10006235,54.588339000000005,-5.963177,
10006236,54.58827,-5.962809,"Falls, Park Centre Terminus"
10006252,54.588911,-5.966213,"Falls, St James's Place"
10006251,54.5892135,-5.967915,"Falls, St James's Parade "
10006254,54.588280000000005,-5.962871,"Falls, Park Centre"
10006227,54.588822,-5.965737,"Falls, St James's Ave"
10010218,54.55913,-6.033167,"Poleglass, Glenbawn"
10010213,54.563178,-6.034503,"Poleglass, Clós Thobar Bhriain"
10010213,54.563178,-6.034503,"Poleglass, Brian's Well Close"
10010223,54.565638,-6.026652,"Poleglass, Lúb–Bhóthar Pheambhróg"
10010223,54.565638,-6.026652,"Poleglass, Pembroke Loop"
10010224,54.567519,-6.023514,"Poleglass, Mainéar Pheambhróg"
10010224,54.567519,-6.023514,"Poleglass, Pembroke Manor"
10010215,54.570235,-6.023599,"Poleglass, Sruthán Chollann"
10010215,54.570235,-6.023599,"Poleglass, Colinbrooke"
10010216,54.570364,-6.026578,"Poleglass, Ascaill Shruthán Chollann"
10010226,54.568996,-6.028114,"Poleglass, Clós Bhruach an Fhuaráin"
10010226,54.568996,-6.028114,"Poleglass, Springbank Close"
10010219,54.560926,-6.035833,"Poleglass, Glenkeen"
10010219,54.560926,-6.035833,"Poleglass, PGL Glenkeen"
10010227,54.567978,-6.029617,"Poleglass, Céide Bhruach an Fhuaráin"
10010227,54.567978,-6.029617,"Poleglass, Springbank Drive"
10012605,54.565838,-6.031189,"Poleglass, Mill Pond"
10009335,54.552838,-6.045251,"Mount Eagles, Cnocán na n-Iolar"
10009335,54.552838,-6.045251,"Mount Eagles, Mount Eagles"
10005836,54.589146,-5.792463,"Dundonald, The Flats"
10005834,54.5938045,-5.799523499999999,"Dundonald, Robbs Road"
10000211,54.595729000000006,-5.797121,"Dundonald, Dundonald Park & Ride"
10000211,54.595729000000006,-5.797121,"Dundonald, PRDD Dundonald Park & Ride"
10005804,54.592928,-5.798789,"Dundonald, Drumadoon Drive"
10005795,54.592177,-5.795533,"Dundonald, Davarr Avenue"
10000106,54.59007,-5.779119000000001,"Dundonald, Coopers Mill Park"
10000106,54.59007,-5.779119000000001,"Dundonald, CPM Coopers Mill Park"
10005832,54.594087,-5.7785910000000005,"Dundonald, Quarry Inn"
10005797,54.594336,-5.78312,"Dundonald, Carrowreagh Road"
10005806,54.595126,-5.794631,"Dundonald, Davarr Avenue"
10000105,54.59092749999999,-5.7778345,"Dundonald, Old Mill Dale"
10000110,54.592502,-5.776944,"Dundonald, Old Mill Grove"
10005831,54.594171,-5.777782,"Dundonald, Quarry Corner"
10005793,54.594895,-5.795758,"Dundonald, Brooklands"
